[{"model": "admin.logentry", "pk": 1, "fields": {"action_time": "2023-06-14T13:55:17.776Z", "user": 1, "content_type": 7, "object_id": "1", "object_repr": "thrall.com", "action_flag": 2, "change_message": "[{\"changed\": {\"fields\": [\"Domain name\", \"Display name\"]}}]"}}, {"model": "admin.logentry", "pk": 2, "fields": {"action_time": "2023-06-14T13:55:41.014Z", "user": 1, "content_type": 7, "object_id": "1", "object_repr": "thrall.com", "action_flag": 2, "change_message": "[{\"changed\": {\"fields\": [\"Display name\"]}}]"}}, {"model": "admin.logentry", "pk": 3, "fields": {"action_time": "2023-06-14T14:09:36.587Z", "user": 1, "content_type": 8, "object_id": "1", "object_repr": "manager@thrall.com", "action_flag": 1, "change_message": "[{\"added\": {}}]"}}, {"model": "admin.logentry", "pk": 4, "fields": {"action_time": "2023-06-19T12:57:42.818Z", "user": 1, "content_type": 13, "object_id": "1", "object_repr": "New Arrivals", "action_flag": 1, "change_message": "[{\"added\": {}}]"}}, {"model": "admin.logentry", "pk": 5, "fields": {"action_time": "2023-06-19T12:57:59.247Z", "user": 1, "content_type": 13, "object_id": "1", "object_repr": "New Arrivals", "action_flag": 2, "change_message": "[{\"changed\": {\"fields\": [\"Friendly name\"]}}]"}}, {"model": "admin.logentry", "pk": 6, "fields": {"action_time": "2023-06-19T12:59:33.347Z", "user": 1, "content_type": 13, "object_id": "2", "object_repr": "Plus-Size", "action_flag": 1, "change_message": "[{\"added\": {}}]"}}, {"model": "admin.logentry", "pk": 7, "fields": {"action_time": "2023-06-19T12:59:51.647Z", "user": 1, "content_type": 13, "object_id": "3", "object_repr": "Dresses", "action_flag": 1, "change_message": "[{\"added\": {}}]"}}, {"model": "admin.logentry", "pk": 8, "fields": {"action_time": "2023-06-19T13:00:40.177Z", "user": 1, "content_type": 13, "object_id": "4", "object_repr": "Sale", "action_flag": 1, "change_message": "[{\"added\": {}}]"}}, {"model": "admin.logentry", "pk": 9, "fields": {"action_time": "2023-06-19T13:56:54.006Z", "user": 1, "content_type": 13, "object_id": "5", "object_repr": "CottageCore", "action_flag": 1, "change_message": "[{\"added\": {}}]"}}, {"model": "admin.logentry", "pk": 10, "fields": {"action_time": "2023-06-19T13:57:22.367Z", "user": 1, "content_type": 13, "object_id": "6", "object_repr": "Casual", "action_flag": 1, "change_message": "[{\"added\": {}}]"}}, {"model": "admin.logentry", "pk": 11, "fields": {"action_time": "2023-06-19T13:57:39.277Z", "user": 1, "content_type": 13, "object_id": "7", "object_repr": "Nightwear", "action_flag": 1, "change_message": "[{\"added\": {}}]"}}, {"model": "admin.logentry", "pk": 12, "fields": {"action_time": "2023-06-19T13:57:47.226Z", "user": 1, "content_type": 13, "object_id": "6", "object_repr": "Casual", "action_flag": 2, "change_message": "[{\"changed\": {\"fields\": [\"Friendly name\"]}}]"}}, {"model": "admin.logentry", "pk": 13, "fields": {"action_time": "2023-06-19T13:57:54.607Z", "user": 1, "content_type": 13, "object_id": "5", "object_repr": "CottageCore", "action_flag": 2, "change_message": "[{\"changed\": {\"fields\": [\"Friendly name\"]}}]"}}, {"model": "admin.logentry", "pk": 14, "fields": {"action_time": "2023-06-19T13:58:15.626Z", "user": 1, "content_type": 13, "object_id": "8", "object_repr": "Dresses", "action_flag": 1, "change_message": "[{\"added\": {}}]"}}, {"model": "admin.logentry", "pk": 15, "fields": {"action_time": "2023-06-19T13:58:42.096Z", "user": 1, "content_type": 13, "object_id": "8", "object_repr": "Curve Dresses", "action_flag": 2, "change_message": "[{\"changed\": {\"fields\": [\"Name\"]}}]"}}, {"model": "admin.logentry", "pk": 16, "fields": {"action_time": "2023-06-19T13:58:49.817Z", "user": 1, "content_type": 13, "object_id": "8", "object_repr": "Curve Dresses", "action_flag": 2, "change_message": "[{\"changed\": {\"fields\": [\"Friendly name\"]}}]"}}, {"model": "admin.logentry", "pk": 17, "fields": {"action_time": "2023-06-19T13:59:24.417Z", "user": 1, "content_type": 13, "object_id": "9", "object_repr": "Summer Dresses", "action_flag": 1, "change_message": "[{\"added\": {}}]"}}, {"model": "admin.logentry", "pk": 18, "fields": {"action_time": "2023-06-19T13:59:39.876Z", "user": 1, "content_type": 13, "object_id": "10", "object_repr": "Occasion Dresses", "action_flag": 1, "change_message": "[{\"added\": {}}]"}}, {"model": "admin.logentry", "pk": 19, "fields": {"action_time": "2023-06-19T13:59:59.046Z", "user": 1, "content_type": 13, "object_id": "11", "object_repr": "Casual", "action_flag": 1, "change_message": "[{\"added\": {}}]"}}, {"model": "admin.logentry", "pk": 20, "fields": {"action_time": "2023-06-19T14:00:13.677Z", "user": 1, "content_type": 13, "object_id": "10", "object_repr": "Occasion Dresses", "action_flag": 2, "change_message": "[{\"changed\": {\"fields\": [\"Friendly name\"]}}]"}}, {"model": "admin.logentry", "pk": 21, "fields": {"action_time": "2023-06-19T14:01:59.368Z", "user": 1, "content_type": 13, "object_id": "12", "object_repr": "Low Price", "action_flag": 1, "change_message": "[{\"added\": {}}]"}}, {"model": "admin.logentry", "pk": 22, "fields": {"action_time": "2023-06-19T14:02:29.426Z", "user": 1, "content_type": 13, "object_id": "13", "object_repr": "Clearance", "action_flag": 1, "change_message": "[{\"added\": {}}]"}}, {"model": "admin.logentry", "pk": 23, "fields": {"action_time": "2023-06-19T14:56:50.182Z", "user": 1, "content_type": 14, "object_id": "1", "object_repr": "Drop Shoulder Blouse", "action_flag": 1, "change_message": "[{\"added\": {}}]"}}, {"model": "admin.logentry", "pk": 24, "fields": {"action_time": "2023-06-19T14:58:03.456Z", "user": 1, "content_type": 14, "object_id": "1", "object_repr": "Drop Shoulder Blouse", "action_flag": 2, "change_message": "[]"}}, {"model": "admin.logentry", "pk": 25, "fields": {"action_time": "2023-06-19T15:02:57.726Z", "user": 1, "content_type": 14, "object_id": "2", "object_repr": "Leather Tank Top", "action_flag": 1, "change_message": "[{\"added\": {}}]"}}, {"model": "admin.logentry", "pk": 26, "fields": {"action_time": "2023-06-19T15:11:37.592Z", "user": 1, "content_type": 14, "object_id": "3", "object_repr": "Solid Button Front Dress", "action_flag": 1, "change_message": "[{\"added\": {}}]"}}, {"model": "admin.logentry", "pk": 27, "fields": {"action_time": "2023-06-19T15:12:43.678Z", "user": 1, "content_type": 14, "object_id": "1", "object_repr": "Drop Shoulder Blouse", "action_flag": 2, "change_message": "[{\"changed\": {\"fields\": [\"Image\"]}}]"}}, {"model": "admin.logentry", "pk": 28, "fields": {"action_time": "2023-06-19T15:13:58.240Z", "user": 1, "content_type": 14, "object_id": "3", "object_repr": "Solid Button Front Dress", "action_flag": 2, "change_message": "[{\"changed\": {\"fields\": [\"Image\"]}}]"}}, {"model": "admin.logentry", "pk": 29, "fields": {"action_time": "2023-06-19T15:14:29.166Z", "user": 1, "content_type": 14, "object_id": "2", "object_repr": "Leather Tank Top", "action_flag": 2, "change_message": "[{\"changed\": {\"fields\": [\"Image\"]}}]"}}, {"model": "admin.logentry", "pk": 30, "fields": {"action_time": "2023-06-19T15:19:16.727Z", "user": 1, "content_type": 14, "object_id": "4", "object_repr": "Contrast Sequin Tube Dress", "action_flag": 1, "change_message": "[{\"added\": {}}]"}}, {"model": "admin.logentry", "pk": 31, "fields": {"action_time": "2023-06-19T15:24:38.067Z", "user": 1, "content_type": 14, "object_id": "5", "object_repr": "Eyelet Embroidery plaid Dress", "action_flag": 1, "change_message": "[{\"added\": {}}]"}}, {"model": "admin.logentry", "pk": 32, "fields": {"action_time": "2023-06-19T15:29:17.952Z", "user": 1, "content_type": 14, "object_id": "6", "object_repr": "Casual White Tube Top", "action_flag": 1, "change_message": "[{\"added\": {}}]"}}, {"model": "admin.logentry", "pk": 33, "fields": {"action_time": "2023-06-19T15:33:34.633Z", "user": 1, "content_type": 14, "object_id": "7", "object_repr": "Single Button PU Blazer & 1pc Skirt", "action_flag": 1, "change_message": "[{\"added\": {}}]"}}, {"model": "admin.logentry", "pk": 34, "fields": {"action_time": "2023-06-19T15:45:38.303Z", "user": 1, "content_type": 14, "object_id": "8", "object_repr": "2 PC Colour Print Skirt & Top", "action_flag": 1, "change_message": "[{\"added\": {}}]"}}, {"model": "admin.logentry", "pk": 35, "fields": {"action_time": "2023-06-19T15:51:01.987Z", "user": 1, "content_type": 14, "object_id": "9", "object_repr": "Button Front Cami Dress", "action_flag": 1, "change_message": "[{\"added\": {}}]"}}, {"model": "admin.logentry", "pk": 36, "fields": {"action_time": "2023-06-19T16:00:29.563Z", "user": 1, "content_type": 14, "object_id": "10", "object_repr": "Formal Occasion Dress", "action_flag": 1, "change_message": "[{\"added\": {}}]"}}, {"model": "admin.logentry", "pk": 37, "fields": {"action_time": "2023-06-20T20:28:22.721Z", "user": 1, "content_type": 14, "object_id": "11", "object_repr": "Low Price Loose Shirt", "action_flag": 1, "change_message": "[{\"added\": {}}]"}}, {"model": "admin.logentry", "pk": 38, "fields": {"action_time": "2023-06-20T20:28:46.539Z", "user": 1, "content_type": 14, "object_id": "11", "object_repr": "Low Price Loose Shirt", "action_flag": 2, "change_message": "[{\"changed\": {\"fields\": [\"Description\"]}}]"}}, {"model": "admin.logentry", "pk": 39, "fields": {"action_time": "2023-06-20T20:32:35.138Z", "user": 1, "content_type": 14, "object_id": "12", "object_repr": "Long Slit Cut Pattern Skirt", "action_flag": 1, "change_message": "[{\"added\": {}}]"}}, {"model": "admin.logentry", "pk": 40, "fields": {"action_time": "2023-06-22T09:07:21.365Z", "user": 1, "content_type": 18, "object_id": "1", "object_repr": "Test tag", "action_flag": 1, "change_message": "[{\"added\": {}}]"}}, {"model": "admin.logentry", "pk": 41, "fields": {"action_time": "2023-06-22T09:08:04.794Z", "user": 1, "content_type": 15, "object_id": "1", "object_repr": "Test Post 2", "action_flag": 1, "change_message": "[{\"added\": {}}]"}}, {"model": "admin.logentry", "pk": 42, "fields": {"action_time": "2023-06-22T09:08:42.349Z", "user": 1, "content_type": 16, "object_id": "1", "object_repr": "Comment This is a test comment by Comment", "action_flag": 1, "change_message": "[{\"added\": {}}]"}}, {"model": "admin.logentry", "pk": 43, "fields": {"action_time": "2023-06-27T15:58:03.931Z", "user": 1, "content_type": 14, "object_id": "12", "object_repr": "Long Slit Cut Pattern Skirt", "action_flag": 2, "change_message": "[{\"changed\": {\"fields\": [\"Sku\"]}}]"}}, {"model": "admin.logentry", "pk": 44, "fields": {"action_time": "2023-06-27T16:00:41.061Z", "user": 1, "content_type": 14, "object_id": "11", "object_repr": "Low Price Loose Shirt", "action_flag": 2, "change_message": "[{\"changed\": {\"fields\": [\"Sku\"]}}]"}}, {"model": "admin.logentry", "pk": 45, "fields": {"action_time": "2023-06-27T16:00:54.013Z", "user": 1, "content_type": 14, "object_id": "12", "object_repr": "Long Slit Cut Pattern Skirt", "action_flag": 2, "change_message": "[{\"changed\": {\"fields\": [\"Sku\"]}}]"}}, {"model": "admin.logentry", "pk": 46, "fields": {"action_time": "2023-06-27T16:02:03.500Z", "user": 1, "content_type": 14, "object_id": "10", "object_repr": "Formal Occasion Dress", "action_flag": 2, "change_message": "[{\"changed\": {\"fields\": [\"Sku\"]}}]"}}, {"model": "admin.logentry", "pk": 47, "fields": {"action_time": "2023-06-27T16:15:43.169Z", "user": 1, "content_type": 14, "object_id": "9", "object_repr": "Button Front Cami Dress", "action_flag": 2, "change_message": "[{\"changed\": {\"fields\": [\"Sku\"]}}]"}}, {"model": "admin.logentry", "pk": 48, "fields": {"action_time": "2023-06-27T16:17:59.552Z", "user": 1, "content_type": 14, "object_id": "8", "object_repr": "2 PC Colour Print Skirt & Top", "action_flag": 2, "change_message": "[{\"changed\": {\"fields\": [\"Sku\"]}}]"}}, {"model": "admin.logentry", "pk": 49, "fields": {"action_time": "2023-06-27T16:20:07.775Z", "user": 1, "content_type": 14, "object_id": "7", "object_repr": "Single Button PU Blazer & 1pc Skirt", "action_flag": 2, "change_message": "[{\"changed\": {\"fields\": [\"Sku\"]}}]"}}, {"model": "admin.logentry", "pk": 50, "fields": {"action_time": "2023-06-27T16:21:51.751Z", "user": 1, "content_type": 14, "object_id": "6", "object_repr": "Casual White Tube Top", "action_flag": 2, "change_message": "[{\"changed\": {\"fields\": [\"Sku\"]}}]"}}, {"model": "admin.logentry", "pk": 51, "fields": {"action_time": "2023-06-27T16:23:23.931Z", "user": 1, "content_type": 14, "object_id": "5", "object_repr": "Eyelet Embroidery plaid Dress", "action_flag": 2, "change_message": "[{\"changed\": {\"fields\": [\"Sku\"]}}]"}}, {"model": "admin.logentry", "pk": 52, "fields": {"action_time": "2023-06-27T16:25:50.984Z", "user": 1, "content_type": 14, "object_id": "4", "object_repr": "Contrast Sequin Tube Dress", "action_flag": 2, "change_message": "[{\"changed\": {\"fields\": [\"Sku\"]}}]"}}, {"model": "admin.logentry", "pk": 53, "fields": {"action_time": "2023-06-27T16:28:38.413Z", "user": 1, "content_type": 14, "object_id": "3", "object_repr": "Solid Button Front Dress", "action_flag": 2, "change_message": "[{\"changed\": {\"fields\": [\"Sku\"]}}]"}}, {"model": "admin.logentry", "pk": 54, "fields": {"action_time": "2023-06-27T16:29:33.511Z", "user": 1, "content_type": 14, "object_id": "2", "object_repr": "Leather Tank Top", "action_flag": 2, "change_message": "[{\"changed\": {\"fields\": [\"Sku\"]}}]"}}, {"model": "admin.logentry", "pk": 55, "fields": {"action_time": "2023-06-27T16:30:47.841Z", "user": 1, "content_type": 14, "object_id": "1", "object_repr": "Drop Shoulder Blouse", "action_flag": 2, "change_message": "[{\"changed\": {\"fields\": [\"Sku\"]}}]"}}, {"model": "admin.logentry", "pk": 56, "fields": {"action_time": "2023-06-27T16:31:48.591Z", "user": 1, "content_type": 14, "object_id": "10", "object_repr": "Formal Occasion Dress", "action_flag": 2, "change_message": "[{\"changed\": {\"fields\": [\"Sku\"]}}]"}}, {"model": "admin.logentry", "pk": 57, "fields": {"action_time": "2023-06-29T19:01:42.083Z", "user": 1, "content_type": 15, "object_id": "1", "object_repr": "Test Post 2", "action_flag": 2, "change_message": "[{\"changed\": {\"fields\": [\"Status\"]}}]"}}, {"model": "admin.logentry", "pk": 58, "fields": {"action_time": "2023-06-29T19:12:38.226Z", "user": 1, "content_type": 15, "object_id": "1", "object_repr": "Test Post 2", "action_flag": 2, "change_message": "[{\"changed\": {\"fields\": [\"Status\"]}}]"}}, {"model": "admin.logentry", "pk": 59, "fields": {"action_time": "2023-06-29T19:12:45.466Z", "user": 1, "content_type": 15, "object_id": "1", "object_repr": "Test Post 2", "action_flag": 2, "change_message": "[{\"changed\": {\"fields\": [\"Status\"]}}]"}}, {"model": "admin.logentry", "pk": 60, "fields": {"action_time": "2023-06-29T21:25:01.664Z", "user": 1, "content_type": 18, "object_id": "2", "object_repr": "Summer Dresses", "action_flag": 1, "change_message": "[{\"added\": {}}]"}}, {"model": "admin.logentry", "pk": 61, "fields": {"action_time": "2023-06-29T21:25:16.343Z", "user": 1, "content_type": 18, "object_id": "3", "object_repr": "Hot girl summer", "action_flag": 1, "change_message": "[{\"added\": {}}]"}}, {"model": "admin.logentry", "pk": 62, "fields": {"action_time": "2023-06-29T21:25:49.888Z", "user": 1, "content_type": 15, "object_id": "1", "object_repr": "Must Have Looks for Hot Girl Summer", "action_flag": 2, "change_message": "[{\"changed\": {\"fields\": [\"Title\", \"Slug\", \"Excerpt\", \"Content\", \"Tags\"]}}]"}}, {"model": "admin.logentry", "pk": 63, "fields": {"action_time": "2023-06-30T12:33:13.644Z", "user": 1, "content_type": 18, "object_id": "4", "object_repr": "brunch", "action_flag": 1, "change_message": "[{\"added\": {}}]"}}, {"model": "admin.logentry", "pk": 64, "fields": {"action_time": "2023-06-30T12:33:29.673Z", "user": 1, "content_type": 18, "object_id": "5", "object_repr": "elegance", "action_flag": 1, "change_message": "[{\"added\": {}}]"}}, {"model": "admin.logentry", "pk": 65, "fields": {"action_time": "2023-06-30T12:33:40.205Z", "user": 1, "content_type": 18, "object_id": "6", "object_repr": "jumpsuit", "action_flag": 1, "change_message": "[{\"added\": {}}]"}}, {"model": "admin.logentry", "pk": 66, "fields": {"action_time": "2023-06-30T13:24:04.295Z", "user": 1, "content_type": 15, "object_id": "1", "object_repr": "Must Have Looks for Hot Girl Summer", "action_flag": 2, "change_message": "[]"}}, {"model": "admin.logentry", "pk": 67, "fields": {"action_time": "2023-06-30T13:45:00.283Z", "user": 1, "content_type": 15, "object_id": "1", "object_repr": "Must Have Looks for Hot Girl Summer", "action_flag": 2, "change_message": "[{\"changed\": {\"fields\": [\"Tags\"]}}]"}}, {"model": "admin.logentry", "pk": 68, "fields": {"action_time": "2023-06-30T15:41:09.303Z", "user": 1, "content_type": 15, "object_id": "1", "object_repr": "Must Have Looks for Hot Girl Summer", "action_flag": 2, "change_message": "[{\"changed\": {\"fields\": [\"Image\"]}}]"}}, {"model": "admin.logentry", "pk": 69, "fields": {"action_time": "2023-06-30T18:08:01.071Z", "user": 1, "content_type": 14, "object_id": "7", "object_repr": "Single Button PU Blazer & 1pc Skirt", "action_flag": 2, "change_message": "[]"}}, {"model": "admin.logentry", "pk": 70, "fields": {"action_time": "2023-07-03T17:52:08.632Z", "user": 1, "content_type": 14, "object_id": "5", "object_repr": "Eyelet Embroidery plaid Dress", "action_flag": 2, "change_message": "[{\"changed\": {\"fields\": [\"Category\"]}}]"}}, {"model": "admin.logentry", "pk": 71, "fields": {"action_time": "2023-07-03T17:52:47.256Z", "user": 1, "content_type": 13, "object_id": "14", "object_repr": "Top", "action_flag": 1, "change_message": "[{\"added\": {}}]"}}, {"model": "admin.logentry", "pk": 72, "fields": {"action_time": "2023-07-03T17:52:58.336Z", "user": 1, "content_type": 13, "object_id": "14", "object_repr": "Top", "action_flag": 2, "change_message": "[{\"changed\": {\"fields\": [\"Friendly name\"]}}]"}}, {"model": "admin.logentry", "pk": 73, "fields": {"action_time": "2023-07-03T18:14:19.609Z", "user": 1, "content_type": 13, "object_id": "14", "object_repr": "Top", "action_flag": 2, "change_message": "[{\"changed\": {\"fields\": [\"Friendly name\"]}}]"}}, {"model": "admin.logentry", "pk": 74, "fields": {"action_time": "2023-07-03T18:14:27.138Z", "user": 1, "content_type": 13, "object_id": "13", "object_repr": "Clearance", "action_flag": 2, "change_message": "[{\"changed\": {\"fields\": [\"Friendly name\"]}}]"}}, {"model": "admin.logentry", "pk": 75, "fields": {"action_time": "2023-07-03T18:14:36.105Z", "user": 1, "content_type": 13, "object_id": "12", "object_repr": "Low Price", "action_flag": 2, "change_message": "[{\"changed\": {\"fields\": [\"Friendly name\"]}}]"}}, {"model": "admin.logentry", "pk": 76, "fields": {"action_time": "2023-07-03T18:14:44.538Z", "user": 1, "content_type": 13, "object_id": "11", "object_repr": "Casual", "action_flag": 2, "change_message": "[{\"changed\": {\"fields\": [\"Friendly name\"]}}]"}}, {"model": "admin.logentry", "pk": 77, "fields": {"action_time": "2023-07-03T18:14:57.458Z", "user": 1, "content_type": 13, "object_id": "10", "object_repr": "Occasion Dresses", "action_flag": 2, "change_message": "[{\"changed\": {\"fields\": [\"Friendly name\"]}}]"}}, {"model": "admin.logentry", "pk": 78, "fields": {"action_time": "2023-07-03T18:15:05.077Z", "user": 1, "content_type": 13, "object_id": "10", "object_repr": "Occasion Dresses", "action_flag": 2, "change_message": "[{\"changed\": {\"fields\": [\"Friendly name\"]}}]"}}, {"model": "admin.logentry", "pk": 79, "fields": {"action_time": "2023-07-03T18:15:20.337Z", "user": 1, "content_type": 13, "object_id": "9", "object_repr": "Summer Dresses", "action_flag": 2, "change_message": "[{\"changed\": {\"fields\": [\"Friendly name\"]}}]"}}, {"model": "admin.logentry", "pk": 80, "fields": {"action_time": "2023-07-03T22:21:40.382Z", "user": 1, "content_type": 13, "object_id": "14", "object_repr": "top", "action_flag": 2, "change_message": "[{\"changed\": {\"fields\": [\"Name\"]}}]"}}, {"model": "admin.logentry", "pk": 81, "fields": {"action_time": "2023-07-03T22:21:54.405Z", "user": 1, "content_type": 13, "object_id": "13", "object_repr": "clearance", "action_flag": 2, "change_message": "[{\"changed\": {\"fields\": [\"Name\"]}}]"}}, {"model": "admin.logentry", "pk": 82, "fields": {"action_time": "2023-07-03T22:23:18.512Z", "user": 1, "content_type": 13, "object_id": "12", "object_repr": "low price", "action_flag": 2, "change_message": "[{\"changed\": {\"fields\": [\"Name\"]}}]"}}, {"model": "admin.logentry", "pk": 83, "fields": {"action_time": "2023-07-03T22:23:25.871Z", "user": 1, "content_type": 13, "object_id": "11", "object_repr": "casual", "action_flag": 2, "change_message": "[{\"changed\": {\"fields\": [\"Name\"]}}]"}}, {"model": "admin.logentry", "pk": 84, "fields": {"action_time": "2023-07-03T22:23:35.532Z", "user": 1, "content_type": 13, "object_id": "10", "object_repr": "occasion dresses", "action_flag": 2, "change_message": "[{\"changed\": {\"fields\": [\"Name\"]}}]"}}, {"model": "admin.logentry", "pk": 85, "fields": {"action_time": "2023-07-03T22:23:50.159Z", "user": 1, "content_type": 13, "object_id": "9", "object_repr": "summer dresses", "action_flag": 2, "change_message": "[{\"changed\": {\"fields\": [\"Name\"]}}]"}}, {"model": "admin.logentry", "pk": 86, "fields": {"action_time": "2023-07-03T22:24:00.222Z", "user": 1, "content_type": 13, "object_id": "8", "object_repr": "curve dresses", "action_flag": 2, "change_message": "[{\"changed\": {\"fields\": [\"Name\"]}}]"}}, {"model": "admin.logentry", "pk": 87, "fields": {"action_time": "2023-07-03T22:24:10.023Z", "user": 1, "content_type": 13, "object_id": "8", "object_repr": "curve dresses", "action_flag": 2, "change_message": "[{\"changed\": {\"fields\": [\"Friendly name\"]}}]"}}, {"model": "admin.logentry", "pk": 88, "fields": {"action_time": "2023-07-03T22:24:20.702Z", "user": 1, "content_type": 13, "object_id": "7", "object_repr": "nightwear", "action_flag": 2, "change_message": "[{\"changed\": {\"fields\": [\"Name\", \"Friendly name\"]}}]"}}, {"model": "admin.logentry", "pk": 89, "fields": {"action_time": "2023-07-03T22:24:30.693Z", "user": 1, "content_type": 13, "object_id": "6", "object_repr": "casual", "action_flag": 2, "change_message": "[{\"changed\": {\"fields\": [\"Name\", \"Friendly name\"]}}]"}}, {"model": "admin.logentry", "pk": 90, "fields": {"action_time": "2023-07-03T22:24:48.262Z", "user": 1, "content_type": 13, "object_id": "5", "object_repr": "cottageCore", "action_flag": 2, "change_message": "[{\"changed\": {\"fields\": [\"Name\", \"Friendly name\"]}}]"}}, {"model": "admin.logentry", "pk": 91, "fields": {"action_time": "2023-07-03T22:24:59.581Z", "user": 1, "content_type": 13, "object_id": "4", "object_repr": "sale", "action_flag": 2, "change_message": "[{\"changed\": {\"fields\": [\"Name\", \"Friendly name\"]}}]"}}, {"model": "admin.logentry", "pk": 92, "fields": {"action_time": "2023-07-03T22:25:11.051Z", "user": 1, "content_type": 13, "object_id": "3", "object_repr": "dresses", "action_flag": 2, "change_message": "[{\"changed\": {\"fields\": [\"Name\", \"Friendly name\"]}}]"}}, {"model": "admin.logentry", "pk": 93, "fields": {"action_time": "2023-07-03T22:25:37.212Z", "user": 1, "content_type": 13, "object_id": "2", "object_repr": "plus size", "action_flag": 2, "change_message": "[{\"changed\": {\"fields\": [\"Name\", \"Friendly name\"]}}]"}}, {"model": "admin.logentry", "pk": 94, "fields": {"action_time": "2023-07-03T22:25:58.274Z", "user": 1, "content_type": 13, "object_id": "1", "object_repr": "new arrivals", "action_flag": 2, "change_message": "[{\"changed\": {\"fields\": [\"Name\", \"Friendly name\"]}}]"}}, {"model": "admin.logentry", "pk": 95, "fields": {"action_time": "2023-07-03T22:27:43.986Z", "user": 1, "content_type": 14, "object_id": "7", "object_repr": "Single Button PU Blazer & 1pc Skirt", "action_flag": 2, "change_message": "[]"}}, {"model": "admin.logentry", "pk": 96, "fields": {"action_time": "2023-07-03T22:27:53.933Z", "user": 1, "content_type": 14, "object_id": "1", "object_repr": "Drop Shoulder Blouse", "action_flag": 2, "change_message": "[{\"changed\": {\"fields\": [\"Rating\"]}}]"}}, {"model": "admin.logentry", "pk": 97, "fields": {"action_time": "2023-07-03T22:28:00.428Z", "user": 1, "content_type": 14, "object_id": "9", "object_repr": "Button Front Cami Dress", "action_flag": 2, "change_message": "[]"}}, {"model": "admin.logentry", "pk": 98, "fields": {"action_time": "2023-07-03T22:28:06.837Z", "user": 1, "content_type": 14, "object_id": "4", "object_repr": "Contrast Sequin Tube Dress", "action_flag": 2, "change_message": "[]"}}, {"model": "admin.logentry", "pk": 99, "fields": {"action_time": "2023-07-03T22:28:14.277Z", "user": 1, "content_type": 14, "object_id": "5", "object_repr": "Eyelet Embroidery plaid Dress", "action_flag": 2, "change_message": "[]"}}, {"model": "admin.logentry", "pk": 100, "fields": {"action_time": "2023-07-03T22:28:21.006Z", "user": 1, "content_type": 14, "object_id": "9", "object_repr": "Button Front Cami Dress", "action_flag": 2, "change_message": "[]"}}, {"model": "admin.logentry", "pk": 101, "fields": {"action_time": "2023-07-03T22:28:27.629Z", "user": 1, "content_type": 14, "object_id": "9", "object_repr": "Button Front Cami Dress", "action_flag": 2, "change_message": "[]"}}, {"model": "admin.logentry", "pk": 102, "fields": {"action_time": "2023-07-03T22:28:38.875Z", "user": 1, "content_type": 14, "object_id": "1", "object_repr": "Drop Shoulder Blouse", "action_flag": 2, "change_message": "[]"}}, {"model": "admin.logentry", "pk": 103, "fields": {"action_time": "2023-07-03T22:36:08.947Z", "user": 1, "content_type": 13, "object_id": "15", "object_repr": "jeans", "action_flag": 1, "change_message": "[{\"added\": {}}]"}}, {"model": "admin.logentry", "pk": 104, "fields": {"action_time": "2023-07-03T22:39:49.640Z", "user": 1, "content_type": 14, "object_id": "13", "object_repr": "Drawstring Waist Cargo Jeans", "action_flag": 1, "change_message": "[{\"added\": {}}]"}}, {"model": "admin.logentry", "pk": 105, "fields": {"action_time": "2023-07-03T22:42:19.275Z", "user": 1, "content_type": 14, "object_id": "7", "object_repr": "Single Button PU Blazer & 1pc Skirt", "action_flag": 2, "change_message": "[{\"changed\": {\"fields\": [\"Category\"]}}]"}}, {"model": "admin.logentry", "pk": 106, "fields": {"action_time": "2023-07-03T22:45:12.096Z", "user": 1, "content_type": 14, "object_id": "13", "object_repr": "Drawstring Waist Cargo Jeans", "action_flag": 2, "change_message": "[{\"changed\": {\"fields\": [\"Sku\"]}}]"}}, {"model": "admin.logentry", "pk": 107, "fields": {"action_time": "2023-07-03T22:45:42.932Z", "user": 1, "content_type": 14, "object_id": "11", "object_repr": "Low Price Loose Shirt", "action_flag": 2, "change_message": "[{\"changed\": {\"fields\": [\"Category\"]}}]"}}, {"model": "admin.logentry", "pk": 108, "fields": {"action_time": "2023-07-03T22:46:39.243Z", "user": 1, "content_type": 14, "object_id": "5", "object_repr": "Eyelet Embroidery plaid Dress", "action_flag": 2, "change_message": "[]"}}, {"model": "admin.logentry", "pk": 109, "fields": {"action_time": "2023-07-03T22:46:56.812Z", "user": 1, "content_type": 14, "object_id": "10", "object_repr": "Formal Occasion Dress", "action_flag": 2, "change_message": "[]"}}, {"model": "admin.logentry", "pk": 110, "fields": {"action_time": "2023-07-03T22:47:32.172Z", "user": 1, "content_type": 14, "object_id": "6", "object_repr": "Casual White Tube Top", "action_flag": 2, "change_message": "[{\"changed\": {\"fields\": [\"Category\"]}}]"}}, {"model": "admin.logentry", "pk": 111, "fields": {"action_time": "2023-07-03T22:50:01.546Z", "user": 1, "content_type": 13, "object_id": "10", "object_repr": "occasion", "action_flag": 2, "change_message": "[{\"changed\": {\"fields\": [\"Name\", \"Friendly name\"]}}]"}}, {"model": "admin.logentry", "pk": 112, "fields": {"action_time": "2023-07-03T22:51:48.438Z", "user": 1, "content_type": 13, "object_id": "9", "object_repr": "summer", "action_flag": 2, "change_message": "[{\"changed\": {\"fields\": [\"Name\", \"Friendly name\"]}}]"}}, {"model": "admin.logentry", "pk": 113, "fields": {"action_time": "2023-07-03T22:52:25.688Z", "user": 1, "content_type": 13, "object_id": "8", "object_repr": "dayware", "action_flag": 2, "change_message": "[{\"changed\": {\"fields\": [\"Name\", \"Friendly name\"]}}]"}}, {"model": "admin.logentry", "pk": 114, "fields": {"action_time": "2023-07-03T22:54:38.191Z", "user": 1, "content_type": 14, "object_id": "4", "object_repr": "Contrast Sequin Tube Dress", "action_flag": 2, "change_message": "[]"}}, {"model": "admin.logentry", "pk": 115, "fields": {"action_time": "2023-07-03T22:54:51.671Z", "user": 1, "content_type": 14, "object_id": "1", "object_repr": "Drop Shoulder Blouse", "action_flag": 2, "change_message": "[{\"changed\": {\"fields\": [\"Category\"]}}]"}}, {"model": "admin.logentry", "pk": 116, "fields": {"action_time": "2023-07-03T22:58:54.172Z", "user": 1, "content_type": 13, "object_id": "12", "object_repr": "reduced", "action_flag": 2, "change_message": "[{\"changed\": {\"fields\": [\"Name\", \"Friendly name\"]}}]"}}, {"model": "admin.logentry", "pk": 117, "fields": {"action_time": "2023-07-03T22:59:21.977Z", "user": 1, "content_type": 13, "object_id": "2", "object_repr": "plus-size", "action_flag": 2, "change_message": "[{\"changed\": {\"fields\": [\"Name\", \"Friendly name\"]}}]"}}, {"model": "admin.logentry", "pk": 118, "fields": {"action_time": "2023-07-03T23:03:39.412Z", "user": 1, "content_type": 14, "object_id": "1", "object_repr": "Drop Shoulder Blouse top", "action_flag": 2, "change_message": "[{\"changed\": {\"fields\": [\"Name\", \"Sku\", \"Description\"]}}]"}}, {"model": "admin.logentry", "pk": 119, "fields": {"action_time": "2023-07-03T23:04:08.418Z", "user": 1, "content_type": 13, "object_id": "14", "object_repr": "tops", "action_flag": 2, "change_message": "[{\"changed\": {\"fields\": [\"Name\", \"Friendly name\"]}}]"}}, {"model": "admin.logentry", "pk": 120, "fields": {"action_time": "2023-07-03T23:05:05.981Z", "user": 1, "content_type": 14, "object_id": "6", "object_repr": "Casual White Tube Top", "action_flag": 2, "change_message": "[]"}}, {"model": "admin.logentry", "pk": 121, "fields": {"action_time": "2023-07-03T23:05:44.082Z", "user": 1, "content_type": 14, "object_id": "2", "object_repr": "Leather Tank Top", "action_flag": 2, "change_message": "[{\"changed\": {\"fields\": [\"Category\"]}}]"}}, {"model": "admin.logentry", "pk": 122, "fields": {"action_time": "2023-07-03T23:06:47.431Z", "user": 1, "content_type": 14, "object_id": "8", "object_repr": "2 PC Colour Print Skirt & Top", "action_flag": 2, "change_message": "[{\"changed\": {\"fields\": [\"Category\"]}}]"}}, {"model": "admin.logentry", "pk": 123, "fields": {"action_time": "2023-07-03T23:15:17.963Z", "user": 1, "content_type": 14, "object_id": "12", "object_repr": "Long Slit Cut Pattern Skirt", "action_flag": 2, "change_message": "[{\"changed\": {\"fields\": [\"Sku\"]}}]"}}, {"model": "admin.logentry", "pk": 124, "fields": {"action_time": "2023-07-03T23:16:42.131Z", "user": 1, "content_type": 14, "object_id": "14", "object_repr": "Classic Sun Hat", "action_flag": 1, "change_message": "[{\"added\": {}}]"}}, {"model": "admin.logentry", "pk": 125, "fields": {"action_time": "2023-07-03T23:22:04.883Z", "user": 1, "content_type": 14, "object_id": "15", "object_repr": "Drop Shoulder Blouse top", "action_flag": 1, "change_message": "[{\"added\": {}}]"}}, {"model": "admin.logentry", "pk": 126, "fields": {"action_time": "2023-07-03T23:26:24.410Z", "user": 1, "content_type": 14, "object_id": "16", "object_repr": "Denim Shorts", "action_flag": 1, "change_message": "[{\"added\": {}}]"}}, {"model": "admin.logentry", "pk": 127, "fields": {"action_time": "2023-07-03T23:27:02.573Z", "user": 1, "content_type": 14, "object_id": "16", "object_repr": "Denim Shorts", "action_flag": 2, "change_message": "[{\"changed\": {\"fields\": [\"Category\"]}}]"}}, {"model": "admin.logentry", "pk": 128, "fields": {"action_time": "2023-07-03T23:28:09.368Z", "user": 1, "content_type": 13, "object_id": "5", "object_repr": "cottageCore", "action_flag": 3, "change_message": ""}}, {"model": "admin.logentry", "pk": 129, "fields": {"action_time": "2023-07-03T23:28:15.868Z", "user": 1, "content_type": 13, "object_id": "7", "object_repr": "nightwear", "action_flag": 3, "change_message": ""}}, {"model": "admin.logentry", "pk": 130, "fields": {"action_time": "2023-07-03T23:28:23.308Z", "user": 1, "content_type": 13, "object_id": "1", "object_repr": "new arrivals", "action_flag": 3, "change_message": ""}}, {"model": "admin.logentry", "pk": 131, "fields": {"action_time": "2023-07-03T23:29:41.922Z", "user": 1, "content_type": 14, "object_id": "4", "object_repr": "Contrast Sequin Tube Dress", "action_flag": 2, "change_message": "[{\"changed\": {\"fields\": [\"Category\"]}}]"}}, {"model": "admin.logentry", "pk": 132, "fields": {"action_time": "2023-07-03T23:30:39.372Z", "user": 1, "content_type": 14, "object_id": "16", "object_repr": "Denim Shorts", "action_flag": 2, "change_message": "[{\"changed\": {\"fields\": [\"Category\"]}}]"}}, {"model": "admin.logentry", "pk": 133, "fields": {"action_time": "2023-07-03T23:30:48.378Z", "user": 1, "content_type": 13, "object_id": "4", "object_repr": "sale", "action_flag": 3, "change_message": ""}}, {"model": "admin.logentry", "pk": 134, "fields": {"action_time": "2023-07-05T23:46:24.097Z", "user": 1, "content_type": 15, "object_id": "1", "object_repr": "Must Have Looks for Hot Girl Summer", "action_flag": 2, "change_message": "[{\"changed\": {\"fields\": [\"Image\"]}}]"}}, {"model": "admin.logentry", "pk": 135, "fields": {"action_time": "2023-07-05T23:59:04.010Z", "user": 1, "content_type": 15, "object_id": "1", "object_repr": "Must Have Looks for Hot Girl Summer", "action_flag": 2, "change_message": "[{\"changed\": {\"fields\": [\"Tags\"]}}]"}}, {"model": "admin.logentry", "pk": 136, "fields": {"action_time": "2023-07-06T15:06:20.312Z", "user": 1, "content_type": 14, "object_id": "7", "object_repr": "Single Button PU Blazer & 1pc Skirt", "action_flag": 2, "change_message": "[{\"changed\": {\"fields\": [\"Has sizes\"]}}]"}}, {"model": "admin.logentry", "pk": 137, "fields": {"action_time": "2023-07-06T15:06:29.542Z", "user": 1, "content_type": 14, "object_id": "15", "object_repr": "Drop Shoulder Blouse top", "action_flag": 2, "change_message": "[{\"changed\": {\"fields\": [\"Has sizes\"]}}]"}}, {"model": "admin.logentry", "pk": 138, "fields": {"action_time": "2023-07-06T15:06:46.062Z", "user": 1, "content_type": 14, "object_id": "9", "object_repr": "Button Front Cami Dress", "action_flag": 2, "change_message": "[{\"changed\": {\"fields\": [\"Has sizes\"]}}]"}}, {"model": "admin.logentry", "pk": 139, "fields": {"action_time": "2023-07-06T15:06:53.879Z", "user": 1, "content_type": 14, "object_id": "4", "object_repr": "Contrast Sequin Tube Dress", "action_flag": 2, "change_message": "[{\"changed\": {\"fields\": [\"Has sizes\"]}}]"}}, {"model": "admin.logentry", "pk": 140, "fields": {"action_time": "2023-07-06T15:07:00.752Z", "user": 1, "content_type": 14, "object_id": "5", "object_repr": "Eyelet Embroidery plaid Dress", "action_flag": 2, "change_message": "[{\"changed\": {\"fields\": [\"Has sizes\"]}}]"}}, {"model": "admin.logentry", "pk": 141, "fields": {"action_time": "2023-07-06T15:07:07.031Z", "user": 1, "content_type": 14, "object_id": "5", "object_repr": "Eyelet Embroidery plaid Dress", "action_flag": 2, "change_message": "[]"}}, {"model": "admin.logentry", "pk": 142, "fields": {"action_time": "2023-07-06T15:07:14.985Z", "user": 1, "content_type": 14, "object_id": "10", "object_repr": "Formal Occasion Dress", "action_flag": 2, "change_message": "[{\"changed\": {\"fields\": [\"Has sizes\"]}}]"}}, {"model": "admin.logentry", "pk": 143, "fields": {"action_time": "2023-07-06T15:07:21.172Z", "user": 1, "content_type": 14, "object_id": "10", "object_repr": "Formal Occasion Dress", "action_flag": 2, "change_message": "[]"}}, {"model": "admin.logentry", "pk": 144, "fields": {"action_time": "2023-07-06T15:07:25.602Z", "user": 1, "content_type": 14, "object_id": "10", "object_repr": "Formal Occasion Dress", "action_flag": 2, "change_message": "[]"}}, {"model": "admin.logentry", "pk": 145, "fields": {"action_time": "2023-07-06T15:07:31.712Z", "user": 1, "content_type": 14, "object_id": "3", "object_repr": "Solid Button Front Dress", "action_flag": 2, "change_message": "[{\"changed\": {\"fields\": [\"Has sizes\"]}}]"}}, {"model": "admin.logentry", "pk": 146, "fields": {"action_time": "2023-07-06T15:07:37.042Z", "user": 1, "content_type": 14, "object_id": "3", "object_repr": "Solid Button Front Dress", "action_flag": 2, "change_message": "[]"}}, {"model": "admin.logentry", "pk": 147, "fields": {"action_time": "2023-07-06T15:07:44.782Z", "user": 1, "content_type": 14, "object_id": "14", "object_repr": "Classic Sun Hat", "action_flag": 2, "change_message": "[{\"changed\": {\"fields\": [\"Has sizes\"]}}]"}}, {"model": "admin.logentry", "pk": 148, "fields": {"action_time": "2023-07-06T15:07:51.441Z", "user": 1, "content_type": 14, "object_id": "13", "object_repr": "Drawstring Waist Cargo Jeans", "action_flag": 2, "change_message": "[{\"changed\": {\"fields\": [\"Has sizes\"]}}]"}}, {"model": "admin.logentry", "pk": 149, "fields": {"action_time": "2023-07-06T15:08:23.362Z", "user": 1, "content_type": 14, "object_id": "14", "object_repr": "Classic Sun Hat", "action_flag": 2, "change_message": "[]"}}, {"model": "admin.logentry", "pk": 150, "fields": {"action_time": "2023-07-06T15:30:09.100Z", "user": 1, "content_type": 15, "object_id": "1", "object_repr": "Must Have Looks for Hot Girl Summer", "action_flag": 2, "change_message": "[]"}}, {"model": "admin.logentry", "pk": 151, "fields": {"action_time": "2023-07-06T15:30:34.533Z", "user": 1, "content_type": 14, "object_id": "16", "object_repr": "Denim Shorts", "action_flag": 2, "change_message": "[{\"changed\": {\"fields\": [\"Has sizes\"]}}]"}}, {"model": "admin.logentry", "pk": 152, "fields": {"action_time": "2023-07-06T15:30:43.573Z", "user": 1, "content_type": 14, "object_id": "13", "object_repr": "Drawstring Waist Cargo Jeans", "action_flag": 2, "change_message": "[]"}}, {"model": "admin.logentry", "pk": 153, "fields": {"action_time": "2023-07-06T15:30:53.885Z", "user": 1, "content_type": 14, "object_id": "16", "object_repr": "Denim Shorts", "action_flag": 2, "change_message": "[]"}}, {"model": "admin.logentry", "pk": 154, "fields": {"action_time": "2023-07-06T15:31:02.884Z", "user": 1, "content_type": 14, "object_id": "8", "object_repr": "2 PC Colour Print Skirt & Top", "action_flag": 2, "change_message": "[{\"changed\": {\"fields\": [\"Has sizes\"]}}]"}}, {"model": "admin.logentry", "pk": 155, "fields": {"action_time": "2023-07-06T15:31:09.319Z", "user": 1, "content_type": 14, "object_id": "16", "object_repr": "Denim Shorts", "action_flag": 2, "change_message": "[]"}}, {"model": "admin.logentry", "pk": 156, "fields": {"action_time": "2023-07-06T15:31:13.753Z", "user": 1, "content_type": 14, "object_id": "8", "object_repr": "2 PC Colour Print Skirt & Top", "action_flag": 2, "change_message": "[]"}}, {"model": "admin.logentry", "pk": 157, "fields": {"action_time": "2023-07-06T15:31:21.055Z", "user": 1, "content_type": 14, "object_id": "12", "object_repr": "Long Slit Cut Pattern Skirt", "action_flag": 2, "change_message": "[{\"changed\": {\"fields\": [\"Has sizes\"]}}]"}}, {"model": "admin.logentry", "pk": 158, "fields": {"action_time": "2023-07-06T15:31:26.874Z", "user": 1, "content_type": 14, "object_id": "12", "object_repr": "Long Slit Cut Pattern Skirt", "action_flag": 2, "change_message": "[]"}}, {"model": "admin.logentry", "pk": 159, "fields": {"action_time": "2023-07-06T15:31:34.543Z", "user": 1, "content_type": 14, "object_id": "11", "object_repr": "Low Price Loose Shirt", "action_flag": 2, "change_message": "[{\"changed\": {\"fields\": [\"Has sizes\"]}}]"}}, {"model": "admin.logentry", "pk": 160, "fields": {"action_time": "2023-07-06T15:31:40.632Z", "user": 1, "content_type": 14, "object_id": "1", "object_repr": "Drop Shoulder Blouse top", "action_flag": 2, "change_message": "[{\"changed\": {\"fields\": [\"Has sizes\"]}}]"}}, {"model": "admin.logentry", "pk": 161, "fields": {"action_time": "2023-07-06T15:31:45.529Z", "user": 1, "content_type": 14, "object_id": "1", "object_repr": "Drop Shoulder Blouse top", "action_flag": 2, "change_message": "[]"}}, {"model": "admin.logentry", "pk": 162, "fields": {"action_time": "2023-07-06T15:31:49.548Z", "user": 1, "content_type": 14, "object_id": "1", "object_repr": "Drop Shoulder Blouse top", "action_flag": 2, "change_message": "[]"}}, {"model": "admin.logentry", "pk": 163, "fields": {"action_time": "2023-07-06T15:31:55.371Z", "user": 1, "content_type": 14, "object_id": "2", "object_repr": "Leather Tank Top", "action_flag": 2, "change_message": "[{\"changed\": {\"fields\": [\"Has sizes\"]}}]"}}, {"model": "admin.logentry", "pk": 164, "fields": {"action_time": "2023-07-06T15:32:01.467Z", "user": 1, "content_type": 14, "object_id": "6", "object_repr": "Casual White Tube Top", "action_flag": 2, "change_message": "[{\"changed\": {\"fields\": [\"Has sizes\"]}}]"}}, {"model": "admin.logentry", "pk": 165, "fields": {"action_time": "2023-07-08T07:30:42.511Z", "user": 1, "content_type": 14, "object_id": "15", "object_repr": "Drop Shoulder Blouse top", "action_flag": 2, "change_message": "[{\"changed\": {\"fields\": [\"Image\"]}}]"}}, {"model": "admin.logentry", "pk": 166, "fields": {"action_time": "2023-07-08T07:34:21.701Z", "user": 1, "content_type": 14, "object_id": "15", "object_repr": "Drop Shoulder Blouse top", "action_flag": 2, "change_message": "[{\"changed\": {\"fields\": [\"Image\"]}}]"}}, {"model": "admin.logentry", "pk": 167, "fields": {"action_time": "2023-07-08T07:34:36.677Z", "user": 1, "content_type": 14, "object_id": "15", "object_repr": "Drop Shoulder Blouse top", "action_flag": 2, "change_message": "[{\"changed\": {\"fields\": [\"Image\"]}}]"}}, {"model": "admin.logentry", "pk": 168, "fields": {"action_time": "2023-07-12T10:02:43.601Z", "user": 1, "content_type": 14, "object_id": "15", "object_repr": "Drop Shoulder Blouse top", "action_flag": 2, "change_message": "[{\"changed\": {\"fields\": [\"Image\"]}}]"}}, {"model": "admin.logentry", "pk": 169, "fields": {"action_time": "2023-07-12T10:03:02.639Z", "user": 1, "content_type": 14, "object_id": "15", "object_repr": "Drop Shoulder Blouse top", "action_flag": 2, "change_message": "[{\"changed\": {\"fields\": [\"Image\"]}}]"}}, {"model": "admin.logentry", "pk": 170, "fields": {"action_time": "2023-07-12T20:47:01.782Z", "user": 1, "content_type": 19, "object_id": "1", "object_repr": "Desi's contact message", "action_flag": 2, "change_message": "[]"}}, {"model": "admin.logentry", "pk": 171, "fields": {"action_time": "2023-07-13T18:27:18.354Z", "user": 1, "content_type": 14, "object_id": "15", "object_repr": "Drop Shoulder Blouse top", "action_flag": 2, "change_message": "[{\"changed\": {\"fields\": [\"Image\"]}}]"}}, {"model": "admin.logentry", "pk": 172, "fields": {"action_time": "2023-07-13T18:28:56.124Z", "user": 1, "content_type": 14, "object_id": "15", "object_repr": "Drop Shoulder Blouse top", "action_flag": 2, "change_message": "[{\"changed\": {\"fields\": [\"Image\"]}}]"}}, {"model": "admin.logentry", "pk": 173, "fields": {"action_time": "2023-07-13T18:31:49.212Z", "user": 1, "content_type": 14, "object_id": "15", "object_repr": "Drop Shoulder Blouse top", "action_flag": 2, "change_message": "[{\"changed\": {\"fields\": [\"Image\"]}}]"}}, {"model": "admin.logentry", "pk": 174, "fields": {"action_time": "2023-07-13T18:32:16.785Z", "user": 1, "content_type": 14, "object_id": "15", "object_repr": "Drop Shoulder Blouse top", "action_flag": 2, "change_message": "[{\"changed\": {\"fields\": [\"Image\"]}}]"}}, {"model": "admin.logentry", "pk": 175, "fields": {"action_time": "2023-07-13T18:42:52.359Z", "user": 1, "content_type": 14, "object_id": "15", "object_repr": "Drop Shoulder Blouse top", "action_flag": 3, "change_message": ""}}, {"model": "admin.logentry", "pk": 176, "fields": {"action_time": "2023-07-13T18:44:17.396Z", "user": 1, "content_type": 14, "object_id": "17", "object_repr": "Drapped Shoulder Blouse", "action_flag": 1, "change_message": "[{\"added\": {}}]"}}, {"model": "admin.logentry", "pk": 177, "fields": {"action_time": "2023-07-13T18:46:29.190Z", "user": 1, "content_type": 14, "object_id": "1", "object_repr": "Drop Shoulder Blouse top", "action_flag": 3, "change_message": ""}}, {"model": "admin.logentry", "pk": 178, "fields": {"action_time": "2023-07-13T23:34:00.405Z", "user": 1, "content_type": 14, "object_id": "10", "object_repr": "Formal Occasion Dress", "action_flag": 2, "change_message": "[{\"changed\": {\"fields\": [\"Image\"]}}]"}}, {"model": "admin.logentry", "pk": 179, "fields": {"action_time": "2023-07-13T23:34:08.272Z", "user": 1, "content_type": 14, "object_id": "10", "object_repr": "Formal Occasion Dress", "action_flag": 3, "change_message": ""}}, {"model": "admin.logentry", "pk": 180, "fields": {"action_time": "2023-07-13T23:35:08.578Z", "user": 1, "content_type": 14, "object_id": "18", "object_repr": "Formal Occasion Dress", "action_flag": 1, "change_message": "[{\"added\": {}}]"}}, {"model": "admin.logentry", "pk": 181, "fields": {"action_time": "2023-07-14T00:12:04.265Z", "user": 1, "content_type": 15, "object_id": "1", "object_repr": "Must Have Looks for Hot Girl Summer", "action_flag": 2, "change_message": "[{\"changed\": {\"fields\": [\"Image\"]}}]"}}, {"model": "admin.logentry", "pk": 182, "fields": {"action_time": "2023-07-14T00:13:16.684Z", "user": 1, "content_type": 15, "object_id": "1", "object_repr": "Must Have Looks for Hot Girl Summer", "action_flag": 3, "change_message": ""}}, {"model": "admin.logentry", "pk": 183, "fields": {"action_time": "2023-07-14T00:15:28.770Z", "user": 1, "content_type": 15, "object_id": "2", "object_repr": "5 Looks For Hot Girl Summer", "action_flag": 1, "change_message": "[{\"added\": {}}]"}}, {"model": "admin.logentry", "pk": 184, "fields": {"action_time": "2023-07-14T01:11:50.990Z", "user": 1, "content_type": 15, "object_id": "2", "object_repr": "5 Looks For Hot Girl Summer", "action_flag": 2, "change_message": "[{\"changed\": {\"fields\": [\"Tags\"]}}]"}}, {"model": "admin.logentry", "pk": 185, "fields": {"action_time": "2023-07-17T18:20:19.926Z", "user": 1, "content_type": 22, "object_id": "1", "object_repr": "FAB55010D3BC447B9B91E21BAA3503BD", "action_flag": 2, "change_message": "[{\"deleted\": {\"name\": \"order line item\", \"object\": \"SKU Dre/Sol/Fro on order FAB55010D3BC447B9B91E21BAA3503BD\"}}]"}}, {"model": "admin.logentry", "pk": 186, "fields": {"action_time": "2023-07-17T18:20:50.698Z", "user": 1, "content_type": 22, "object_id": "1", "object_repr": "FAB55010D3BC447B9B91E21BAA3503BD", "action_flag": 3, "change_message": ""}}, {"model": "admin.logentry", "pk": 187, "fields": {"action_time": "2023-07-17T18:28:45.397Z", "user": 1, "content_type": 22, "object_id": "2", "object_repr": "8764086B3D854B86B0CDB15F629B1536", "action_flag": 2, "change_message": "[{\"deleted\": {\"name\": \"order line item\", \"object\": \"SKU Ski/2PC/Col/Pri on order 8764086B3D854B86B0CDB15F629B1536\"}}, {\"deleted\": {\"name\": \"order line item\", \"object\": \"SKU Bla/PU/Sin/1pc on order 8764086B3D854B86B0CDB15F629B1536\"}}]"}}, {"model": "admin.logentry", "pk": 188, "fields": {"action_time": "2023-07-17T18:28:54.528Z", "user": 1, "content_type": 22, "object_id": "2", "object_repr": "8764086B3D854B86B0CDB15F629B1536", "action_flag": 3, "change_message": ""}}, {"model": "admin.logentry", "pk": 189, "fields": {"action_time": "2023-07-17T18:29:36.099Z", "user": 1, "content_type": 22, "object_id": "3", "object_repr": "8F05D2A58FAD404AAB0F960A93A9AB32", "action_flag": 3, "change_message": ""}}, {"model": "admin.logentry", "pk": 190, "fields": {"action_time": "2023-07-17T18:54:03.623Z", "user": 1, "content_type": 22, "object_id": "4", "object_repr": "E310BAAC29354A439920EF86F9F6F5EF", "action_flag": 2, "change_message": "[{\"deleted\": {\"name\": \"order line item\", \"object\": \"SKU Dre/Eye/pla on order E310BAAC29354A439920EF86F9F6F5EF\"}}]"}}, {"model": "admin.logentry", "pk": 191, "fields": {"action_time": "2023-07-17T18:54:16.577Z", "user": 1, "content_type": 22, "object_id": "5", "object_repr": "4D1E35B360D043B2928AE0651BBF7C3F", "action_flag": 3, "change_message": ""}}, {"model": "admin.logentry", "pk": 192, "fields": {"action_time": "2023-07-17T18:54:16.582Z", "user": 1, "content_type": 22, "object_id": "4", "object_repr": "E310BAAC29354A439920EF86F9F6F5EF", "action_flag": 3, "change_message": ""}}, {"model": "admin.logentry", "pk": 193, "fields": {"action_time": "2023-07-17T18:59:02.775Z", "user": 1, "content_type": 22, "object_id": "6", "object_repr": "505CD3A68C00480CA853E0A0999FDCE7", "action_flag": 2, "change_message": "[{\"deleted\": {\"name\": \"order line item\", \"object\": \"SKU Tub/Cas/Whi on order 505CD3A68C00480CA853E0A0999FDCE7\"}}, {\"deleted\": {\"name\": \"order line item\", \"object\": \"SKU Jea/12/Cam/Cre on order 505CD3A68C00480CA853E0A0999FDCE7\"}}]"}}, {"model": "admin.logentry", "pk": 194, "fields": {"action_time": "2023-07-17T18:59:14.888Z", "user": 1, "content_type": 22, "object_id": "6", "object_repr": "505CD3A68C00480CA853E0A0999FDCE7", "action_flag": 3, "change_message": ""}}, {"model": "admin.logentry", "pk": 195, "fields": {"action_time": "2023-07-17T19:01:45.656Z", "user": 1, "content_type": 22, "object_id": "7", "object_repr": "6CD999AE3C1A443EBD269C19D4922D68", "action_flag": 3, "change_message": ""}}, {"model": "admin.logentry", "pk": 196, "fields": {"action_time": "2023-07-17T19:09:44.413Z", "user": 1, "content_type": 22, "object_id": "8", "object_repr": "CE940CDC143147898548E23D3C677655", "action_flag": 3, "change_message": ""}}, {"model": "admin.logentry", "pk": 197, "fields": {"action_time": "2023-07-19T00:43:28.726Z", "user": 1, "content_type": 4, "object_id": "2", "object_repr": "Fred", "action_flag": 1, "change_message": "[{\"added\": {}}]"}}, {"model": "admin.logentry", "pk": 198, "fields": {"action_time": "2023-07-19T00:44:17.658Z", "user": 1, "content_type": 4, "object_id": "2", "object_repr": "Fred", "action_flag": 2, "change_message": "[]"}}, {"model": "admin.logentry", "pk": 199, "fields": {"action_time": "2023-07-20T17:24:04.767Z", "user": 1, "content_type": 20, "object_id": "5", "object_repr": "Default Name - 2 PC Colour Print Skirt & Top", "action_flag": 3, "change_message": ""}}, {"model": "admin.logentry", "pk": 200, "fields": {"action_time": "2023-07-20T17:24:09.252Z", "user": 1, "content_type": 20, "object_id": "4", "object_repr": "Summer Dresses - Casual White Tube Top", "action_flag": 3, "change_message": ""}}, {"model": "admin.logentry", "pk": 201, "fields": {"action_time": "2023-07-20T18:09:29.743Z", "user": 1, "content_type": 15, "object_id": "2", "object_repr": "5 Looks For Hot Girl Summer", "action_flag": 3, "change_message": ""}}, {"model": "admin.logentry", "pk": 202, "fields": {"action_time": "2023-07-20T18:09:38.625Z", "user": 1, "content_type": 18, "object_id": "6", "object_repr": "jumpsuit", "action_flag": 3, "change_message": ""}}, {"model": "admin.logentry", "pk": 203, "fields": {"action_time": "2023-07-20T18:09:38.630Z", "user": 1, "content_type": 18, "object_id": "5", "object_repr": "elegance", "action_flag": 3, "change_message": ""}}, {"model": "admin.logentry", "pk": 204, "fields": {"action_time": "2023-07-20T18:09:38.634Z", "user": 1, "content_type": 18, "object_id": "4", "object_repr": "brunch", "action_flag": 3, "change_message": ""}}, {"model": "admin.logentry", "pk": 205, "fields": {"action_time": "2023-07-20T18:09:38.639Z", "user": 1, "content_type": 18, "object_id": "3", "object_repr": "Hot girl summer", "action_flag": 3, "change_message": ""}}, {"model": "admin.logentry", "pk": 206, "fields": {"action_time": "2023-07-20T18:09:38.643Z", "user": 1, "content_type": 18, "object_id": "2", "object_repr": "Summer Dresses", "action_flag": 3, "change_message": ""}}, {"model": "admin.logentry", "pk": 207, "fields": {"action_time": "2023-07-20T18:09:38.647Z", "user": 1, "content_type": 18, "object_id": "1", "object_repr": "Test tag", "action_flag": 3, "change_message": ""}}, {"model": "admin.logentry", "pk": 208, "fields": {"action_time": "2023-07-21T10:40:07.014Z", "user": 1, "content_type": 18, "object_id": "7", "object_repr": "jumpsuit", "action_flag": 1, "change_message": "[{\"added\": {}}]"}}, {"model": "admin.logentry", "pk": 209, "fields": {"action_time": "2023-07-21T10:40:15.182Z", "user": 1, "content_type": 18, "object_id": "8", "object_repr": "summer dresses", "action_flag": 1, "change_message": "[{\"added\": {}}]"}}, {"model": "admin.logentry", "pk": 210, "fields": {"action_time": "2023-07-21T10:40:27.142Z", "user": 1, "content_type": 18, "object_id": "9", "object_repr": "boho", "action_flag": 1, "change_message": "[{\"added\": {}}]"}}, {"model": "admin.logentry", "pk": 211, "fields": {"action_time": "2023-07-21T10:40:36.118Z", "user": 1, "content_type": 15, "object_id": "3", "object_repr": "5 Looks For Hot Girl Summer", "action_flag": 1, "change_message": "[{\"added\": {}}]"}}, {"model": "admin.logentry", "pk": 212, "fields": {"action_time": "2023-07-21T10:46:12.840Z", "user": 1, "content_type": 15, "object_id": "3", "object_repr": "5 Looks For Hot Girl Summer", "action_flag": 2, "change_message": "[{\"changed\": {\"fields\": [\"Status\"]}}]"}}, {"model": "admin.logentry", "pk": 213, "fields": {"action_time": "2023-07-21T10:59:25.069Z", "user": 1, "content_type": 15, "object_id": "3", "object_repr": "5 Looks For Hot Girl Summer", "action_flag": 2, "change_message": "[]"}}, {"model": "admin.logentry", "pk": 214, "fields": {"action_time": "2023-07-21T12:09:26.310Z", "user": 1, "content_type": 16, "object_id": "3", "object_repr": "Comment leave comment by Manager", "action_flag": 2, "change_message": "[{\"changed\": {\"fields\": [\"Email\", \"Approved\"]}}]"}}, {"model": "admin.logentry", "pk": 215, "fields": {"action_time": "2023-07-21T12:13:46.987Z", "user": 1, "content_type": 16, "object_id": "14", "object_repr": "Comment Great stuff! by Arthur", "action_flag": 2, "change_message": "[{\"changed\": {\"fields\": [\"Approved\"]}}]"}}, {"model": "admin.logentry", "pk": 216, "fields": {"action_time": "2023-07-21T12:14:09.066Z", "user": 1, "content_type": 16, "object_id": "2", "object_repr": "Comment Great stuff! by Manager", "action_flag": 2, "change_message": "[{\"changed\": {\"fields\": [\"Email\", \"Approved\"]}}]"}}, {"model": "admin.logentry", "pk": 217, "fields": {"action_time": "2023-07-21T12:15:23.884Z", "user": 1, "content_type": 15, "object_id": "3", "object_repr": "5 Looks For Hot Girl Summer", "action_flag": 2, "change_message": "[{\"changed\": {\"fields\": [\"Content\"]}}]"}}, {"model": "admin.logentry", "pk": 218, "fields": {"action_time": "2023-07-21T19:34:57.675Z", "user": 1, "content_type": 16, "object_id": "23", "object_repr": "Comment Fantastic! by Manager", "action_flag": 2, "change_message": "[{\"changed\": {\"fields\": [\"Email\", \"Approved\"]}}]"}}, {"model": "admin.logentry", "pk": 219, "fields": {"action_time": "2023-07-22T01:07:22.295Z", "user": 1, "content_type": 14, "object_id": "19", "object_repr": "test", "action_flag": 3, "change_message": ""}}, {"model": "admin.logentry", "pk": 220, "fields": {"action_time": "2023-07-23T15:18:08.006Z", "user": 1, "content_type": 14, "object_id": "21", "object_repr": "Bob's burgers poster", "action_flag": 3, "change_message": ""}}, {"model": "auth.user", "pk": 1, "fields": {"password": "pbkdf2_sha256$260000$OwrZDIjYmmKVKyfPGv9G3v$CUF3f0Ne70/eZeujggMDdvvjsVIg1ByKdhnB/7kzGms=", "last_login": "2023-07-23T15:17:00.124Z", "is_superuser": true, "username": "Manager", "first_name": "", "last_name": "", "email": "", "is_staff": true, "is_active": true, "date_joined": "2023-06-14T11:14:04.044Z", "groups": [], "user_permissions": []}}, {"model": "auth.user", "pk": 2, "fields": {"password": "pbkdf2_sha256$260000$4KHtoLV1YeuN1YfRuMYptm$D8P6nGvV33bAf/7QEhZ+qVGnTqrprkj7cQc5Nm0o92M=", "last_login": "2023-07-19T00:44:43.749Z", "is_superuser": false, "username": "Fred", "first_name": "", "last_name": "", "email": "", "is_staff": false, "is_active": true, "date_joined": "2023-07-19T00:43:28Z", "groups": [], "user_permissions": []}}, {"model": "auth.user", "pk": 3, "fields": {"password": "pbkdf2_sha256$260000$mEnvwHtsaeXVkZ7h8K0Ap7$wPJY1/56iySy7jGVXAuW5an8HtAhN8xBWfG6sHp1PHM=", "last_login": "2023-07-19T01:27:43.809Z", "is_superuser": false, "username": "George", "first_name": "", "last_name": "", "email": "george@gmail.com", "is_staff": false, "is_active": true, "date_joined": "2023-07-19T01:27:43.711Z", "groups": [], "user_permissions": []}}, {"model": "auth.user", "pk": 4, "fields": {"password": "pbkdf2_sha256$260000$nyEGJtalMZH1MfSnftLWk5$ccSLpBC2M4uEgz0yeYOtoFslS7lL7sncz2/DHYEsgts=", "last_login": "2023-07-19T01:53:37.865Z", "is_superuser": false, "username": "dumbledore", "first_name": "", "last_name": "", "email": "test@test.com", "is_staff": false, "is_active": true, "date_joined": "2023-07-19T01:53:37.768Z", "groups": [], "user_permissions": []}}, {"model": "auth.user", "pk": 5, "fields": {"password": "pbkdf2_sha256$260000$sWPDUTLNHUw1xibfddwZvx$xb4l8YMCX2hSXQtwrAwlu30VMKajxWesEPxfZkByc6k=", "last_login": null, "is_superuser": false, "username": "Molly", "first_name": "", "last_name": "", "email": "molly@gmail.com", "is_staff": false, "is_active": true, "date_joined": "2023-07-19T14:55:03.599Z", "groups": [], "user_permissions": []}}, {"model": "auth.user", "pk": 6, "fields": {"password": "pbkdf2_sha256$260000$4j2GJTtCUXM5z1QufD2ry4$V5gs67bYDqOpHu61MFFJ8FwRQ+XGoB5FxgMV8YLKFHY=", "last_login": "2023-07-21T12:10:42.107Z", "is_superuser": false, "username": "Arthur", "first_name": "", "last_name": "", "email": "arthur@gmail.com", "is_staff": false, "is_active": true, "date_joined": "2023-07-19T21:07:16.656Z", "groups": [], "user_permissions": []}}, {"model": "auth.user", "pk": 7, "fields": {"password": "pbkdf2_sha256$260000$64cMI4RYlx9K5fdC4jL5W0$/hwVWJgxIfdkpQ7w01FUxnIvrkOyJ1eAutXx8rTIH/I=", "last_login": null, "is_superuser": false, "username": "percy", "first_name": "", "last_name": "", "email": "percy@gmail.com", "is_staff": false, "is_active": true, "date_joined": "2023-07-19T21:14:38.733Z", "groups": [], "user_permissions": []}}, {"model": "auth.user", "pk": 8, "fields": {"password": "pbkdf2_sha256$260000$26N8OaqtvSVtJg7sPtrxuA$9BIXyYFZPs/4LLToTHZcaFHi+wXWzH4zWdVGO0xGL5E=", "last_login": null, "is_superuser": false, "username": "TestUser1", "first_name": "", "last_name": "", "email": "test@test1.com", "is_staff": false, "is_active": true, "date_joined": "2023-07-19T21:22:23.576Z", "groups": [], "user_permissions": []}}, {"model": "auth.user", "pk": 9, "fields": {"password": "pbkdf2_sha256$260000$m8ZHysMVSMpmhMuI1qhJBf$1ojvoid3UpOixCIdaNcVXFIh53HmB7o/uae4I+CnuKY=", "last_login": null, "is_superuser": false, "username": "testytest", "first_name": "", "last_name": "", "email": "testy@test.com", "is_staff": false, "is_active": true, "date_joined": "2023-07-19T21:22:54.145Z", "groups": [], "user_permissions": []}}, {"model": "auth.user", "pk": 10, "fields": {"password": "pbkdf2_sha256$260000$K56k8YEBMtDLTsU3ZHxAiz$zuJWT5EL/cL9hIGG5L+n9BUNBwCZzH4j/MULTP9wfTo=", "last_login": null, "is_superuser": false, "username": "Ginny", "first_name": "", "last_name": "", "email": "ginny@gmail.com", "is_staff": false, "is_active": true, "date_joined": "2023-07-19T21:29:07.822Z", "groups": [], "user_permissions": []}}, {"model": "auth.user", "pk": 11, "fields": {"password": "pbkdf2_sha256$260000$8Qr9gu1wqwCrumD4hE2ZvA$NufuUw1KxFZB72riXFfeu5RlErDNl2ExWq6f09BKBaQ=", "last_login": null, "is_superuser": false, "username": "charlie", "first_name": "", "last_name": "", "email": "charlie@gmail.com", "is_staff": false, "is_active": true, "date_joined": "2023-07-19T21:35:57.363Z", "groups": [], "user_permissions": []}}, {"model": "auth.user", "pk": 12, "fields": {"password": "pbkdf2_sha256$260000$LKMwteDrhICMATfM6u5sie$RtsJDwQEnpNjTEkXxjIUVLyJcFo6xcKgEAIYD3FHCSE=", "last_login": null, "is_superuser": false, "username": "Harry", "first_name": "", "last_name": "", "email": "hdhillon478@gmail.com", "is_staff": false, "is_active": true, "date_joined": "2023-07-20T16:36:43.844Z", "groups": [], "user_permissions": []}}, {"model": "sessions.session", "pk": "0qxy49hr92dgjt0scu8xz2blit9u3eu7", "fields": {"session_data": "eyJzYXZlX2luZm8iOmZhbHNlfQ:1qLuGq:F6qeeO_UWyBIxUlRFVj_Xo04c4ISDUVdrb6DBvDxX-0", "expire_date": "2023-08-01T23:38:20.132Z"}}, {"model": "sessions.session", "pk": "2ozkb0njfv7udt845kxy6bg67uojh2sc", "fields": {"session_data": ".eJxVjcsOgjAQRf-la0OcPoCy0x9phpkhNJJiaEk0xn8XDAtd3te5LxVwLWNYsywhsuoUqNOv1yPdJO0BTtNuV0g0r6lU384R5-qyKUklEpY4p-ux-kONmMeNYwC0bhh1Y420DnBATQy9tl6sWN3UbGHwLZkWjKPaIw8AvnaMjM7IDs2S83YT5HGPy1N15_cHnV9DSw:1qJW8K:nCoZHJJc1GHuJ1E0EbN_Upchx_CFc8N0bVeX6rRStTU", "expire_date": "2023-07-26T09:27:40.788Z"}}, {"model": "sessions.session", "pk": "3q427oe3b0y1o4xcaifmbfn3ibxtbona", "fields": {"session_data": ".eJxVjMsOgjAQRf-la9I4fQBl6d5vaKadQaqmGAqJhvDvSsJCt_ece1bhcZkHvxSefCLRCRDV7xYw3jnvgG6Yr6OMY56nFOSuyIMWeRmJH-fD_QsMWIbvWwMo1RCqxmhuLWCPKhIEZRwbNqqpyUDv2qhb0DbWDqkHcLUlJLSa92jhUtKYPb-eaXqL7lSJgFfRrdv2AayjQaM:1qN2W4:5n-hp_Rth_XE6Ui56mk3kcYAFppHlP31bvo7Dg0QIkc", "expire_date": "2023-08-05T02:38:44.904Z"}}, {"model": "sessions.session", "pk": "3ypic3nwblv2887ye9ykxl2bl51m5pde", "fields": {"session_data": ".eJxVjMsOgjAQRf-la9M4fQBl6d5vaIbOIFXTkhYSjfHflYSFbu8597yEx3WZ_Fq5-EiiFyAOv9uA4cZpA3TFdMky5LSUOMhNkTut8pyJ76fd_QtMWKfvWwMo1RKq1mjuLOCIKhAMyjg2bFTbkIHRdUF3oG1oHNII4BpLSGg1b9HKtcacPD_mWJ6iP74_bFM-1w:1qNBZp:FB8OXFL5pToXAETrrJqQcrku0GCA3cqpkghfrPVSaAI", "expire_date": "2023-08-05T12:19:13.313Z"}}, {"model": "sessions.session", "pk": "6lr87grocfmrceskw3002u1vq3tf4r99", "fields": {"session_data": "e30:1qLutV:kL6G4Hl-JSi21aKqL0ORAxX7WSKDo6i5TGJR7Hj7vxs", "expire_date": "2023-08-02T00:18:17.465Z"}}, {"model": "sessions.session", "pk": "6nxmwjysm8h8snl5pokeflnuuo0qngvx", "fields": {"session_data": "eyJhY2NvdW50X3ZlcmlmaWVkX2VtYWlsIjpudWxsLCJhY2NvdW50X3VzZXIiOiI5In0:1qMEdK:kq3J0S6P_d-eAzJ8JzYW6N4-842xZEde0YRsOcbprM8", "expire_date": "2023-08-02T21:22:54.439Z"}}, {"model": "sessions.session", "pk": "77zmpz6fkxazms05wmxmutlkhhf1grlr", "fields": {"session_data": "e30:1qLvBX:UkuEdCTw4M8uON4_y1wPNBI4ybtQekePxgbiZviil6o", "expire_date": "2023-08-02T00:36:55.683Z"}}, {"model": "sessions.session", "pk": "7losqcynlg9de9t6sfgl4fx53277i5m1", "fields": {"session_data": "eyJfc2Vzc2lvbl9leHBpcnkiOjAsInNhdmVfaW5mbyI6ZmFsc2V9:1qMSGV:oT1nqVNKVYPZRG14ebJv1Ei_es-wd5DD4Prsc1591ls", "expire_date": "2023-08-03T11:56:15.191Z"}}, {"model": "sessions.session", "pk": "91l0tufcw1oe7fg8kt8sdx1bdpa33ps7", "fields": {"session_data": "e30:1qLuHO:FNEOfWFtI0qci65GMT_wS3H-niWWKn-niPEmIa1Kv7M", "expire_date": "2023-08-01T23:38:54.939Z"}}, {"model": "sessions.session", "pk": "c0dfndqbkkodsphrn2r5486w24fnjqjm", "fields": {"session_data": ".eJyrVkpKTFeyqlYyBBGZJam5xfFJlfHFmVWpIIFcJSvD2lodJUNjPNK1tQAo1hdW:1qHYH4:OGQDM7dK8-lJWxduAyFV5o46QV7mYW_k-4R2J8yzlIM", "expire_date": "2023-07-20T23:20:34.694Z"}}, {"model": "sessions.session", "pk": "coz1nn43b1mwdew7vl295nyavqkjqra4", "fields": {"session_data": ".eJxVjMsOgjAQRf-la9M4fQBl6d5vaIbOIFXTkhYSjfHflYSFbu8597yEx3WZ_Fq5-EiiFyAOv9uA4cZpA3TFdMky5LSUOMhNkTut8pyJ76fd_QtMWKfvWwMo1RKq1mjuLOCIKhAMyjg2bFTbkIHRdUF3oG1oHNII4BpLSGg1b9HKtcacPD_mWJ6iP74_bFM-1w:1qJHpU:EYX_Yjg7VWZfbu_yj8dslTFba83cdWGQIU39rqQfOEc", "expire_date": "2023-07-25T18:11:16.045Z"}}, {"model": "sessions.session", "pk": "dvgn5b4xdiiimci953bbu9v1y3xdjb1x", "fields": {"session_data": ".eJyrVkpKTFeyqlYyBRGZJam5xfFJlfHFmVWpIIFcJSvD2tpaHaXE5OT80ryS-LLUosy0zNSU-NTcxMwcJau80pwchGxpcWqRkpVSslItAE0BHw4:1qMWdv:3QkkI4QVGiC9cEhuSxN1lvoartu2DzJc_V2AuHmMby0", "expire_date": "2023-08-03T16:36:43.976Z"}}, {"model": "sessions.session", "pk": "espeiveak7dlgif9uzo1ele7tsddzurh", "fields": {"session_data": ".eJxVjL0OgzAQg98lcxXp8gOEsXufIbrkDkhbQCIwtKjvXiIxtB48-LO9C4_bOvgt8-ITiVaAuPxmAeODpwLojlM_yzhP65KCLBV50ixvM_Hzenb_DgbMw7HWAErVhKo2mhsL2KGKBEEZx4aNqisy0Lkm6ga0jZVD6gBcZQkJrebjNGAv2l2oYmnlMfvw8jm9uQSjaOFz6AvrLkQW:1qNb6V:VT7ZuIk1jGCfO1teOACxJKHyWoAvp6zYvNQ0YD5KagA", "expire_date": "2023-08-06T15:34:39.249Z"}}, {"model": "sessions.session", "pk": "ez21i8g332mg0sg2d6l6cshl0d2tp3rr", "fields": {"session_data": ".eJxVjU0OwiAQhe_CummgFgrd6UXIdJimxIaaAkZjvLtgutDd-5n3zYtZyGmxOdJuvWMjU6z5zSbAK4VawLrWuAXELYfUfm-OOrbn4igkj5D8Fi7H6g-1QFwKp580DRoVN65TxkjHpe6UMMhxlkIIzUGbvugOJj6D64UcTl2dGASHVKGRYixvLD1ufn-ykTcswp2sD_PGxrRnen8ASM1Jhw:1qMIRT:n4t09tXmlEJXt6jPzqMclh5orOVuiluX5GvWVQjz9Hk", "expire_date": "2023-08-03T01:26:55.192Z"}}, {"model": "sessions.session", "pk": "hxiy4fe5qg1sgthqtbjfq7iab55xshks", "fields": {"session_data": "e30:1qLvDV:FeaMSoznYlCjn6hcZC549q7mQnO4ACzuBpj13diTh70", "expire_date": "2023-08-02T00:38:57.281Z"}}, {"model": "sessions.session", "pk": "ieif6nrxkc302o5rxeh92bri23mnlbro", "fields": {"session_data": "e30:1qLuTg:6-SruMF26mLhS6EA2ZQJlAfx5hAhA9Jdu5O0sYTE2XE", "expire_date": "2023-08-01T23:51:36.942Z"}}, {"model": "sessions.session", "pk": "j6t70t8kg4249ogjgpncldqol1bkvxic", "fields": {"session_data": "e30:1qLQYw:MXWWojvEYNLQn8NaqPzxxJT73fKzQ0HsQEevSa_UHyE", "expire_date": "2023-07-31T15:55:02.977Z"}}, {"model": "sessions.session", "pk": "jbknaun3ss79eduearldu4t7cns65p8q", "fields": {"session_data": ".eJxVjdtqwzAMht9F1yHUh5x8t72IUWxlEXPcETtjbdm7zy5hUF0I9P3Spwegc9cjZvtNOy9M3tKGHMDEI4TmPz0S7WBghAYsHnl9Asu-MPHKZnSfFGuAIVTcno72uXPGqX0rE8XMDjNf4_t59aJaMa3Fo4SQcvAoB61o7AQuKJ0Xs9QTadJy6L0WyzQ6NQrVuX5Cvwgx9Z1Hj52iKk2UUnlj6eeL9xuYSwMzfoB5QF8bZ9qSnW828Z0q2MDI31J_v2RhYw:1qMYdN:OEg0caumWLkFqjf1YhslDcmMmtn_X0OK17oJUG2aCBA", "expire_date": "2023-08-03T18:44:17.608Z"}}, {"model": "sessions.session", "pk": "jos20njhm5w97em8oeu8ytotn0yk9x2y", "fields": {"session_data": ".eJxVjMsOgjAQRf-la9M4fQBl6d5vaIbOIFXTkhYSjfHflYSFbu8597yEx3WZ_Fq5-EiiFyAOv9uA4cZpA3TFdMky5LSUOMhNkTut8pyJ76fd_QtMWKfvWwMo1RKq1mjuLOCIKhAMyjg2bFTbkIHRdUF3oG1oHNII4BpLSGg1b9HKtcacPD_mWJ6iP74_bFM-1w:1qJgjm:gjDDC_I-o3urYmA0alAbdDiHRTc-in89-IQ732EKmq0", "expire_date": "2023-07-26T20:47:02.079Z"}}, {"model": "sessions.session", "pk": "njvkb5mnom235nkc8ft26i0ig3zk6u92", "fields": {"session_data": ".eJxVjEsOwjAMRO-SNYrkfBt2cJHItR21okolkq4Qd6dFXcBy3sy8l8q49SlvTZ55ZnVVoC6_bER6SD0KXJYDayRat9r1d3PWTd_2JLXPhH1e6_18_akmbNPusQDGREYTnZXBAxY0xDAal8SJMzGwg5IGsgNYTyEhF4AUPCOjt6LeH6HxPA4:1qMY5q:SSUs79ZiK6S-qQYV6Hv7O0iKFHqccUqeMqElvzCyFWg", "expire_date": "2023-08-03T18:09:38.730Z"}}, {"model": "sessions.session", "pk": "r01huujmouk6pbhg6m7onor3n8ss2fcw", "fields": {"session_data": ".eJxVjMsOgjAQRf-la9M4fQBl6d5vaIbOIFXTkhYSjfHflYSFbu8597yEx3WZ_Fq5-EiiFyAOv9uA4cZpA3TFdMky5LSUOMhNkTut8pyJ76fd_QtMWKfvWwMo1RKq1mjuLOCIKhAMyjg2bFTbkIHRdUF3oG1oHNII4BpLSGg1b9HKtcacPD_mWJ6iP74_bFM-1w:1qJXbV:7alrW8Jwxi7f9_vrBctbyWJoRQH0rl2KnsjVnetO-CE", "expire_date": "2023-07-26T11:01:53.797Z"}}, {"model": "sessions.session", "pk": "sxsotyx692vo1plmxntxtceh8xo21jrz", "fields": {"session_data": "e30:1qLvBL:4kf4l-hvtyaPTAzKe21kH0kOJsDjaiTgjwOu6yGyA-c", "expire_date": "2023-08-02T00:36:43.409Z"}}, {"model": "sessions.session", "pk": "ulwl7dcl01rw96drjgb585114ivw11a5", "fields": {"session_data": ".eJxVjMsOgjAQRf-la9M4fQBl6d5vaIbOIFXTkhYSjfHflYSFbu8597yEx3WZ_Fq5-EiiFyAOv9uA4cZpA3TFdMky5LSUOMhNkTut8pyJ76fd_QtMWKfvWwMo1RKq1mjuLOCIKhAMyjg2bFTbkIHRdUF3oG1oHNII4BpLSGg1b9HKtcacPD_mWJ6iP74_bFM-1w:1qJOew:MPvWps6xvszQ3X_Bs3wmw1jwzlC8ZLXgvCJrGANOG1c", "expire_date": "2023-07-26T01:28:50.308Z"}}, {"model": "sessions.session", "pk": "uztba2t7risj1b4cxh69cob32x7myx5v", "fields": {"session_data": ".eJx1jLkOgzAQRP9la4S0tjlMmT7fYK29y5EDJAxFgvj3YIkiKTLFFPNmZgNH69K7NcrsBoYGELLvzFO4y5gA32jspjxM4zIPPk-V_KQxv04sj8vZ_TnoKfbHWiMqVTGpymipC6SWVGD0ylgxYlRVssHW1kHXqItQWuIW0ZYFE1Oh5Tj11EGzQZ1sWOQZnX-5OLwlBU9o1L5noP9RvR_6AHCZTfw:1qMZ6E:3tPOaYhXoEXQdgoQJCE-2dVnXT7fNL-Im63ah2N0L9g", "expire_date": "2023-08-03T19:14:06.757Z"}}, {"model": "sessions.session", "pk": "vjpxwrzk0wsaexx6t5feptw25k950txb", "fields": {"session_data": ".eJxVjDsOwjAQBe_iGlla_01JzxmstXeNA8iR4qRC3B0ipYD2zcx7iYTb2tI2eEkTibMAcfrdMpYH9x3QHfttlmXu6zJluSvyoENeZ-Ln5XD_DhqO9q01gFKeUHmjOVjAiqoQZGUiGzbKOzJQYyg6gLbFRaQKEJ0lJLSaxfsDyfU3mg:1qEwtQ:o92o0VX4K68aYUJRvpScdfqhZVzkFiBYMLGjoDvNI30", "expire_date": "2023-07-13T19:01:24.319Z"}}, {"model": "sessions.session", "pk": "w4dgia6x6q7x3vblovnjzz0ptca0ikzf", "fields": {"session_data": "e30:1qLutL:MWqelgVg80A4EFvbHT89YBPbogk_hNVUbAgPIKIeK6c", "expire_date": "2023-08-02T00:18:07.649Z"}}, {"model": "sessions.session", "pk": "x280goccnjahqkj9bz4147v79vnxebov", "fields": {"session_data": ".eJxVjEEOwiAQAP_C2ZB2oRR69O4bCLuARQ00pU00xr8bkh70OjOZN7Nu32a717Da5NnEenb6ZejoHnIT_ubytXAqeVsT8pbww1Z-KT48zkf7N5hdndtWBjARYdACx34QHWnQUYwqSugjKkld9MoAkRRCBDRaojHOIwF6UNimNdSaSrbhuaT1xabu8wVyHj8S:1q9RDG:p9Yi-czv6hUEjD19QgWA_ncVpWhpvzgpLTpN8-CEiaw", "expire_date": "2023-06-28T14:11:06.588Z"}}, {"model": "sites.site", "pk": 1, "fields": {"domain": "thrall.com", "name": "thrall"}}, {"model": "account.emailaddress", "pk": 1, "fields": {"user": 1, "email": "manager@thrall.com", "verified": true, "primary": true}}, {"model": "account.emailaddress", "pk": 2, "fields": {"user": 3, "email": "george@gmail.com", "verified": false, "primary": true}}, {"model": "account.emailaddress", "pk": 3, "fields": {"user": 4, "email": "test@test.com", "verified": false, "primary": true}}, {"model": "account.emailaddress", "pk": 4, "fields": {"user": 5, "email": "molly@gmail.com", "verified": false, "primary": true}}, {"model": "account.emailaddress", "pk": 5, "fields": {"user": 6, "email": "arthur@gmail.com", "verified": true, "primary": true}}, {"model": "account.emailaddress", "pk": 6, "fields": {"user": 7, "email": "percy@gmail.com", "verified": false, "primary": true}}, {"model": "account.emailaddress", "pk": 7, "fields": {"user": 8, "email": "test@test1.com", "verified": false, "primary": true}}, {"model": "account.emailaddress", "pk": 8, "fields": {"user": 9, "email": "testy@test.com", "verified": false, "primary": true}}, {"model": "account.emailaddress", "pk": 9, "fields": {"user": 10, "email": "ginny@gmail.com", "verified": false, "primary": true}}, {"model": "account.emailaddress", "pk": 10, "fields": {"user": 11, "email": "charlie@gmail.com", "verified": false, "primary": true}}, {"model": "account.emailaddress", "pk": 11, "fields": {"user": 12, "email": "hdhillon478@gmail.com", "verified": false, "primary": true}}, {"model": "products.category", "pk": 2, "fields": {"name": "plus-size", "friendly_name": "plus-size"}}, {"model": "products.category", "pk": 3, "fields": {"name": "dresses", "friendly_name": "dresses"}}, {"model": "products.category", "pk": 6, "fields": {"name": "casual", "friendly_name": "casual"}}, {"model": "products.category", "pk": 8, "fields": {"name": "dayware", "friendly_name": "dayware"}}, {"model": "products.category", "pk": 9, "fields": {"name": "summer", "friendly_name": "summer"}}, {"model": "products.category", "pk": 10, "fields": {"name": "occasion", "friendly_name": "occasion"}}, {"model": "products.category", "pk": 11, "fields": {"name": "casual", "friendly_name": "casual"}}, {"model": "products.category", "pk": 12, "fields": {"name": "reduced", "friendly_name": "reduced"}}, {"model": "products.category", "pk": 13, "fields": {"name": "clearance", "friendly_name": "clearance"}}, {"model": "products.category", "pk": 14, "fields": {"name": "tops", "friendly_name": "tops"}}, {"model": "products.category", "pk": 15, "fields": {"name": "jeans", "friendly_name": "jeans"}}, {"model": "products.product", "pk": 2, "fields": {"category": 14, "name": "Leather Tank Top", "sku": "Top/Tan/Lea", "description": "Lace Up Side PU Leather Tank Top", "has_sizes": true, "price": "6.00", "rating": "3.00", "image_url": null, "image": "leather-tank-top.jpg"}}, {"model": "products.product", "pk": 3, "fields": {"category": 3, "name": "Solid Button Front Dress", "sku": "Dre/Sol/Fro", "description": "Solid Button Front Dress in long twirl vintage style", "has_sizes": true, "price": "16.00", "rating": "5.00", "image_url": null, "image": "solid-button-front-dress.webp"}}, {"model": "products.product", "pk": 4, "fields": {"category": 10, "name": "Contrast Sequin Tube Dress", "sku": "Dre/Con/Seq/Tub", "description": "Contrast Sequin Lace Up Tube Dress fitted", "has_sizes": true, "price": "35.00", "rating": "4.00", "image_url": null, "image": "contrast-sequin-tube-dress_.jpg"}}, {"model": "products.product", "pk": 5, "fields": {"category": 9, "name": "Eyelet Embroidery plaid Dress", "sku": "Dre/Eye/pla", "description": "Eyelet Embroidery light plaid cotten Dress", "has_sizes": true, "price": "15.00", "rating": "5.00", "image_url": null, "image": "eyelet-embroidery-plaid-dress.jpg"}}, {"model": "products.product", "pk": 6, "fields": {"category": 14, "name": "Casual White Tube Top", "sku": "Tub/Cas/Whi", "description": "Casual solid plain white Tube Top", "has_sizes": true, "price": "5.00", "rating": "5.00", "image_url": null, "image": "casual-white-tube-top.jpg"}}, {"model": "products.product", "pk": 7, "fields": {"category": 10, "name": "Single Button PU Blazer & 1pc Skirt", "sku": "Bla/PU/Sin/1pc", "description": "1pc Single Button Black & White PU Blazer & 1pc Pants", "has_sizes": true, "price": "45.00", "rating": "4.00", "image_url": null, "image": "single-button-blazer-1pc-skirt.jpg"}}, {"model": "products.product", "pk": 8, "fields": {"category": 3, "name": "2 PC Colour Print Skirt & Top", "sku": "Ski/2PC/Col/Pri", "description": "2 PC Colour Print Skirt & Top Intrinsic Design", "has_sizes": true, "price": "25.00", "rating": "5.00", "image_url": null, "image": "2-pc-colour-print-skirt--top.jpg"}}, {"model": "products.product", "pk": 9, "fields": {"category": 9, "name": "Button Front Cami Dress", "sku": "Dre/But/Fro/Cam", "description": "Button Front Cami Linen Summer Dress", "has_sizes": true, "price": "18.00", "rating": "5.00", "image_url": null, "image": "button-front-cami-dress_.jpg"}}, {"model": "products.product", "pk": 11, "fields": {"category": 14, "name": "Low Price Loose Shirt", "sku": "Str/Str/Loo/fit", "description": "Low Price Loose fit Striped Shirt", "has_sizes": true, "price": "7.00", "rating": "4.00", "image_url": null, "image": "low-price-loose-shirt.jpg"}}, {"model": "products.product", "pk": 12, "fields": {"category": 13, "name": "Long Slit Cut Pattern Skirt", "sku": "Ski/Low/Lin", "description": "Long Slit Cut Pattern Skirt", "has_sizes": true, "price": "6.00", "rating": "4.00", "image_url": null, "image": "long-slit-cut-pattern-shirt.jpeg"}}, {"model": "products.product", "pk": 13, "fields": {"category": 15, "name": "Drawstring Waist Cargo Jeans", "sku": "Jea/12/Cam/Cre", "description": "Letter Patched Detail Cami Top & Drawstring Waist Cargo Jeans", "has_sizes": true, "price": "15.00", "rating": "3.00", "image_url": null, "image": "Letter_Patched_Detail_Drawstring_Waist_Cargo_Pant.jpg"}}, {"model": "products.product", "pk": 14, "fields": {"category": 12, "name": "Classic Sun Hat", "sku": "Hat/Cla/Bla", "description": "Classic Sun Hat For Women, Great For Summer Outdoors, Beach, Anti-uv And Stylish", "has_sizes": true, "price": "7.00", "rating": "3.00", "image_url": null, "image": "Classic_Sun_Hat_For_Women_Great_For_Summer_Outdoors_Beach_Anti-uv_And_Stylish.jpeg"}}, {"model": "products.product", "pk": 16, "fields": {"category": 12, "name": "Denim Shorts", "sku": "Sho/Hem/Gra", "description": "Figure Graphic Cuffed Hem Denim Shorts", "has_sizes": true, "price": "7.00", "rating": "3.00", "image_url": null, "image": "shorts.jpg"}}, {"model": "products.product", "pk": 17, "fields": {"category": 14, "name": "Drapped Shoulder Blouse", "sku": "Blo/Dra/Top", "description": "Drapped Shoulder Blouse top floral", "has_sizes": true, "price": "10.00", "rating": "3.00", "image_url": null, "image": "drop-shoulder-blouse.jpg"}}, {"model": "products.product", "pk": 18, "fields": {"category": 10, "name": "Formal Occasion Dress", "sku": "Dre/For/Occ", "description": "Formal Occasion Dress Large Floral Print", "has_sizes": true, "price": "30.00", "rating": "5.00", "image_url": null, "image": "formal-occasion-dress.jpg"}}, {"model": "products.review", "pk": 1, "fields": {"product": 3, "user": 1, "score": 5, "comment": "Great dress", "date_created": "2023-07-21T13:24:56.951Z"}}, {"model": "products.review", "pk": 2, "fields": {"product": 17, "user": 1, "score": 4, "comment": "Happy with this product!", "date_created": "2023-07-21T14:08:06.785Z"}}, {"model": "products.review", "pk": 3, "fields": {"product": 12, "user": 1, "score": 5, "comment": "cool necklace", "date_created": "2023-07-21T17:28:08.706Z"}}, {"model": "products.review", "pk": 6, "fields": {"product": 2, "user": 1, "score": 5, "comment": "Cool top!", "date_created": "2023-07-21T23:51:32.993Z"}}, {"model": "contact.contact", "pk": 1, "fields": {"name": "Desi", "email": "jejob42693@iturchia.com", "comments": "Great site!", "date": "2023-07-12T20:47:01.782Z", "rating": 5}}, {"model": "contact.contact", "pk": 2, "fields": {"name": "Eric", "email": "heyimyoshyy@gmail.com", "comments": "Testing from Harry", "date": "2023-07-20T16:35:39.799Z", "rating": 4}}, {"model": "contact.contact", "pk": 3, "fields": {"name": "Molly", "email": "molly@gmail.com", "comments": "great site!", "date": "2023-07-20T16:36:37.103Z", "rating": 5}}, {"model": "contact.contact", "pk": 4, "fields": {"name": "arthur", "email": "arthur@gmail.com", "comments": "Good site!", "date": "2023-07-20T16:57:35.909Z", "rating": 5}}, {"model": "contact.contact", "pk": 5, "fields": {"name": "arthur", "email": "arthur@gmail.com", "comments": "Good site!", "date": "2023-07-20T16:59:38.723Z", "rating": 5}}, {"model": "contact.contact", "pk": 6, "fields": {"name": "arthur", "email": "arthur@gmail.com", "comments": "Lovely clothes!", "date": "2023-07-20T17:01:25.809Z", "rating": 5}}, {"model": "blog.tag", "pk": 7, "fields": {"name": "jumpsuit", "created_on": "2023-07-21T10:40:07.013Z"}}, {"model": "blog.tag", "pk": 8, "fields": {"name": "summer dresses", "created_on": "2023-07-21T10:40:15.182Z"}}, {"model": "blog.tag", "pk": 9, "fields": {"name": "boho", "created_on": "2023-07-21T10:40:27.142Z"}}, {"model": "blog.post", "pk": 3, "fields": {"title": "5 Looks For Hot Girl Summer", "slug": "5-looks-for-hot-girl-summer", "author": 1, "excerpt": "As the temperature rises, it's time to embrace the spirit of the season with confidence and style. Hot Girl Summer is all about celebrating yourself and feeling empowered in your own skin.", "updated_on": "2023-07-21T12:15:23.881Z", "content": "<p><!--[if gte mso 9]><xml>\r\n <o:OfficeDocumentSettings>\r\n  <o:AllowPNG></o:AllowPNG>\r\n </o:OfficeDocumentSettings>\r\n</xml><![endif]--><!--[if gte mso 9]><xml>\r\n <w:WordDocument>\r\n  <w:View>Normal</w:View>\r\n  <w:Zoom>0</w:Zoom>\r\n  <w:TrackMoves></w:TrackMoves>\r\n  <w:TrackFormatting></w:TrackFormatting>\r\n  <w:PunctuationKerning></w:PunctuationKerning>\r\n  <w:ValidateAgainstSchemas></w:ValidateAgainstSchemas>\r\n  <w:SaveIfXMLInvalid>false</w:SaveIfXMLInvalid>\r\n  <w:IgnoreMixedContent>false</w:IgnoreMixedContent>\r\n  <w:AlwaysShowPlaceholderText>false</w:AlwaysShowPlaceholderText>\r\n  <w:DoNotPromoteQF></w:DoNotPromoteQF>\r\n  <w:LidThemeOther>EN-GB</w:LidThemeOther>\r\n  <w:LidThemeAsian>X-NONE</w:LidThemeAsian>\r\n  <w:LidThemeComplexScript>X-NONE</w:LidThemeComplexScript>\r\n  <w:Compatibility>\r\n   <w:BreakWrappedTables></w:BreakWrappedTables>\r\n   <w:SnapToGridInCell></w:SnapToGridInCell>\r\n   <w:WrapTextWithPunct></w:WrapTextWithPunct>\r\n   <w:UseAsianBreakRules></w:UseAsianBreakRules>\r\n   <w:DontGrowAutofit></w:DontGrowAutofit>\r\n   <w:SplitPgBreakAndParaMark></w:SplitPgBreakAndParaMark>\r\n   <w:EnableOpenTypeKerning></w:EnableOpenTypeKerning>\r\n   <w:DontFlipMirrorIndents></w:DontFlipMirrorIndents>\r\n   <w:OverrideTableStyleHps></w:OverrideTableStyleHps>\r\n  </w:Compatibility>\r\n  <m:mathPr>\r\n   <m:mathFont m:val=\"Cambria Math\"></m:mathFont>\r\n   <m:brkBin m:val=\"before\"></m:brkBin>\r\n   <m:brkBinSub m:val=\"&#45;-\"></m:brkBinSub>\r\n   <m:smallFrac m:val=\"off\"></m:smallFrac>\r\n   <m:dispDef></m:dispDef>\r\n   <m:lMargin m:val=\"0\"></m:lMargin>\r\n   <m:rMargin m:val=\"0\"></m:rMargin>\r\n   <m:defJc m:val=\"centerGroup\"></m:defJc>\r\n   <m:wrapIndent m:val=\"1440\"></m:wrapIndent>\r\n   <m:intLim m:val=\"subSup\"></m:intLim>\r\n   <m:naryLim m:val=\"undOvr\"></m:naryLim>\r\n  </m:mathPr></w:WordDocument>\r\n</xml><![endif]--><!--[if gte mso 9]><xml>\r\n <w:LatentStyles DefLockedState=\"false\" DefUnhideWhenUsed=\"false\"\r\n  DefSemiHidden=\"false\" DefQFormat=\"false\" DefPriority=\"99\"\r\n  LatentStyleCount=\"376\">\r\n  <w:LsdException Locked=\"false\" Priority=\"0\" QFormat=\"true\" Name=\"Normal\"></w:LsdException>\r\n  <w:LsdException Locked=\"false\" Priority=\"9\" QFormat=\"true\" Name=\"heading 1\"></w:LsdException>\r\n  <w:LsdException Locked=\"false\" Priority=\"9\" SemiHidden=\"true\"\r\n   UnhideWhenUsed=\"true\" QFormat=\"true\" Name=\"heading 2\"></w:LsdException>\r\n  <w:LsdException Locked=\"false\" Priority=\"9\" SemiHidden=\"true\"\r\n   UnhideWhenUsed=\"true\" QFormat=\"true\" Name=\"heading 3\"></w:LsdException>\r\n  <w:LsdException Locked=\"false\" Priority=\"9\" SemiHidden=\"true\"\r\n   UnhideWhenUsed=\"true\" QFormat=\"true\" Name=\"heading 4\"></w:LsdException>\r\n  <w:LsdException Locked=\"false\" Priority=\"9\" SemiHidden=\"true\"\r\n   UnhideWhenUsed=\"true\" QFormat=\"true\" Name=\"heading 5\"></w:LsdException>\r\n  <w:LsdException Locked=\"false\" Priority=\"9\" SemiHidden=\"true\"\r\n   UnhideWhenUsed=\"true\" QFormat=\"true\" Name=\"heading 6\"></w:LsdException>\r\n  <w:LsdException Locked=\"false\" Priority=\"9\" SemiHidden=\"true\"\r\n   UnhideWhenUsed=\"true\" QFormat=\"true\" Name=\"heading 7\"></w:LsdException>\r\n  <w:LsdException Locked=\"false\" Priority=\"9\" SemiHidden=\"true\"\r\n   UnhideWhenUsed=\"true\" QFormat=\"true\" Name=\"heading 8\"></w:LsdException>\r\n  <w:LsdException Locked=\"false\" Priority=\"9\" SemiHidden=\"true\"\r\n   UnhideWhenUsed=\"true\" QFormat=\"true\" Name=\"heading 9\"></w:LsdException>\r\n  <w:LsdException Locked=\"false\" SemiHidden=\"true\" UnhideWhenUsed=\"true\"\r\n   Name=\"index 1\"></w:LsdException>\r\n  <w:LsdException Locked=\"false\" SemiHidden=\"true\" UnhideWhenUsed=\"true\"\r\n   Name=\"index 2\"></w:LsdException>\r\n  <w:LsdException Locked=\"false\" SemiHidden=\"true\" UnhideWhenUsed=\"true\"\r\n   Name=\"index 3\"></w:LsdException>\r\n  <w:LsdException Locked=\"false\" SemiHidden=\"true\" UnhideWhenUsed=\"true\"\r\n   Name=\"index 4\"></w:LsdException>\r\n  <w:LsdException Locked=\"false\" SemiHidden=\"true\" UnhideWhenUsed=\"true\"\r\n   Name=\"index 5\"></w:LsdException>\r\n  <w:LsdException Locked=\"false\" SemiHidden=\"true\" UnhideWhenUsed=\"true\"\r\n   Name=\"index 6\"></w:LsdException>\r\n  <w:LsdException Locked=\"false\" SemiHidden=\"true\" UnhideWhenUsed=\"true\"\r\n   Name=\"index 7\"></w:LsdException>\r\n  <w:LsdException Locked=\"false\" SemiHidden=\"true\" UnhideWhenUsed=\"true\"\r\n   Name=\"index 8\"></w:LsdException>\r\n  <w:LsdException Locked=\"false\" SemiHidden=\"true\" UnhideWhenUsed=\"true\"\r\n   Name=\"index 9\"></w:LsdException>\r\n  <w:LsdException Locked=\"false\" Priority=\"39\" SemiHidden=\"true\"\r\n   UnhideWhenUsed=\"true\" Name=\"toc 1\"></w:LsdException>\r\n  <w:LsdException Locked=\"false\" Priority=\"39\" SemiHidden=\"true\"\r\n   UnhideWhenUsed=\"true\" Name=\"toc 2\"></w:LsdException>\r\n  <w:LsdException Locked=\"false\" Priority=\"39\" SemiHidden=\"true\"\r\n   UnhideWhenUsed=\"true\" Name=\"toc 3\"></w:LsdException>\r\n  <w:LsdException Locked=\"false\" Priority=\"39\" SemiHidden=\"true\"\r\n   UnhideWhenUsed=\"true\" Name=\"toc 4\"></w:LsdException>\r\n  <w:LsdException Locked=\"false\" Priority=\"39\" SemiHidden=\"true\"\r\n   UnhideWhenUsed=\"true\" Name=\"toc 5\"></w:LsdException>\r\n  <w:LsdException Locked=\"false\" Priority=\"39\" SemiHidden=\"true\"\r\n   UnhideWhenUsed=\"true\" Name=\"toc 6\"></w:LsdException>\r\n  <w:LsdException Locked=\"false\" Priority=\"39\" SemiHidden=\"true\"\r\n   UnhideWhenUsed=\"true\" Name=\"toc 7\"></w:LsdException>\r\n  <w:LsdException Locked=\"false\" Priority=\"39\" SemiHidden=\"true\"\r\n   UnhideWhenUsed=\"true\" Name=\"toc 8\"></w:LsdException>\r\n  <w:LsdException Locked=\"false\" Priority=\"39\" SemiHidden=\"true\"\r\n   UnhideWhenUsed=\"true\" Name=\"toc 9\"></w:LsdException>\r\n  <w:LsdException Locked=\"false\" SemiHidden=\"true\" UnhideWhenUsed=\"true\"\r\n   Name=\"Normal Indent\"></w:LsdException>\r\n  <w:LsdException Locked=\"false\" SemiHidden=\"true\" UnhideWhenUsed=\"true\"\r\n   Name=\"footnote text\"></w:LsdException>\r\n  <w:LsdException Locked=\"false\" SemiHidden=\"true\" UnhideWhenUsed=\"true\"\r\n   Name=\"annotation text\"></w:LsdException>\r\n  <w:LsdException Locked=\"false\" SemiHidden=\"true\" UnhideWhenUsed=\"true\"\r\n   Name=\"header\"></w:LsdException>\r\n  <w:LsdException Locked=\"false\" SemiHidden=\"true\" UnhideWhenUsed=\"true\"\r\n   Name=\"footer\"></w:LsdException>\r\n  <w:LsdException Locked=\"false\" SemiHidden=\"true\" UnhideWhenUsed=\"true\"\r\n   Name=\"index heading\"></w:LsdException>\r\n  <w:LsdException Locked=\"false\" Priority=\"35\" SemiHidden=\"true\"\r\n   UnhideWhenUsed=\"true\" QFormat=\"true\" Name=\"caption\"></w:LsdException>\r\n  <w:LsdException Locked=\"false\" SemiHidden=\"true\" UnhideWhenUsed=\"true\"\r\n   Name=\"table of figures\"></w:LsdException>\r\n  <w:LsdException Locked=\"false\" SemiHidden=\"true\" UnhideWhenUsed=\"true\"\r\n   Name=\"envelope address\"></w:LsdException>\r\n  <w:LsdException Locked=\"false\" SemiHidden=\"true\" UnhideWhenUsed=\"true\"\r\n   Name=\"envelope return\"></w:LsdException>\r\n  <w:LsdException Locked=\"false\" SemiHidden=\"true\" UnhideWhenUsed=\"true\"\r\n   Name=\"footnote reference\"></w:LsdException>\r\n  <w:LsdException Locked=\"false\" SemiHidden=\"true\" UnhideWhenUsed=\"true\"\r\n   Name=\"annotation reference\"></w:LsdException>\r\n  <w:LsdException Locked=\"false\" SemiHidden=\"true\" UnhideWhenUsed=\"true\"\r\n   Name=\"line number\"></w:LsdException>\r\n  <w:LsdException Locked=\"false\" SemiHidden=\"true\" UnhideWhenUsed=\"true\"\r\n   Name=\"page number\"></w:LsdException>\r\n  <w:LsdException Locked=\"false\" SemiHidden=\"true\" UnhideWhenUsed=\"true\"\r\n   Name=\"endnote reference\"></w:LsdException>\r\n  <w:LsdException Locked=\"false\" SemiHidden=\"true\" UnhideWhenUsed=\"true\"\r\n   Name=\"endnote text\"></w:LsdException>\r\n  <w:LsdException Locked=\"false\" SemiHidden=\"true\" UnhideWhenUsed=\"true\"\r\n   Name=\"table of authorities\"></w:LsdException>\r\n  <w:LsdException Locked=\"false\" SemiHidden=\"true\" UnhideWhenUsed=\"true\"\r\n   Name=\"macro\"></w:LsdException>\r\n  <w:LsdException Locked=\"false\" SemiHidden=\"true\" UnhideWhenUsed=\"true\"\r\n   Name=\"toa heading\"></w:LsdException>\r\n  <w:LsdException Locked=\"false\" SemiHidden=\"true\" UnhideWhenUsed=\"true\"\r\n   Name=\"List\"></w:LsdException>\r\n  <w:LsdException Locked=\"false\" SemiHidden=\"true\" UnhideWhenUsed=\"true\"\r\n   Name=\"List Bullet\"></w:LsdException>\r\n  <w:LsdException Locked=\"false\" SemiHidden=\"true\" UnhideWhenUsed=\"true\"\r\n   Name=\"List Number\"></w:LsdException>\r\n  <w:LsdException Locked=\"false\" SemiHidden=\"true\" UnhideWhenUsed=\"true\"\r\n   Name=\"List 2\"></w:LsdException>\r\n  <w:LsdException Locked=\"false\" SemiHidden=\"true\" UnhideWhenUsed=\"true\"\r\n   Name=\"List 3\"></w:LsdException>\r\n  <w:LsdException Locked=\"false\" SemiHidden=\"true\" UnhideWhenUsed=\"true\"\r\n   Name=\"List 4\"></w:LsdException>\r\n  <w:LsdException Locked=\"false\" SemiHidden=\"true\" UnhideWhenUsed=\"true\"\r\n   Name=\"List 5\"></w:LsdException>\r\n  <w:LsdException Locked=\"false\" SemiHidden=\"true\" UnhideWhenUsed=\"true\"\r\n   Name=\"List Bullet 2\"></w:LsdException>\r\n  <w:LsdException Locked=\"false\" SemiHidden=\"true\" UnhideWhenUsed=\"true\"\r\n   Name=\"List Bullet 3\"></w:LsdException>\r\n  <w:LsdException Locked=\"false\" SemiHidden=\"true\" UnhideWhenUsed=\"true\"\r\n   Name=\"List Bullet 4\"></w:LsdException>\r\n  <w:LsdException Locked=\"false\" SemiHidden=\"true\" UnhideWhenUsed=\"true\"\r\n   Name=\"List Bullet 5\"></w:LsdException>\r\n  <w:LsdException Locked=\"false\" SemiHidden=\"true\" UnhideWhenUsed=\"true\"\r\n   Name=\"List Number 2\"></w:LsdException>\r\n  <w:LsdException Locked=\"false\" SemiHidden=\"true\" UnhideWhenUsed=\"true\"\r\n   Name=\"List Number 3\"></w:LsdException>\r\n  <w:LsdException Locked=\"false\" SemiHidden=\"true\" UnhideWhenUsed=\"true\"\r\n   Name=\"List Number 4\"></w:LsdException>\r\n  <w:LsdException Locked=\"false\" SemiHidden=\"true\" UnhideWhenUsed=\"true\"\r\n   Name=\"List Number 5\"></w:LsdException>\r\n  <w:LsdException Locked=\"false\" Priority=\"10\" QFormat=\"true\" Name=\"Title\"></w:LsdException>\r\n  <w:LsdException Locked=\"false\" SemiHidden=\"true\" UnhideWhenUsed=\"true\"\r\n   Name=\"Closing\"></w:LsdException>\r\n  <w:LsdException Locked=\"false\" SemiHidden=\"true\" UnhideWhenUsed=\"true\"\r\n   Name=\"Signature\"></w:LsdException>\r\n  <w:LsdException Locked=\"false\" Priority=\"1\" SemiHidden=\"true\"\r\n   UnhideWhenUsed=\"true\" Name=\"Default Paragraph Font\"></w:LsdException>\r\n  <w:LsdException Locked=\"false\" SemiHidden=\"true\" UnhideWhenUsed=\"true\"\r\n   Name=\"Body Text\"></w:LsdException>\r\n  <w:LsdException Locked=\"false\" SemiHidden=\"true\" UnhideWhenUsed=\"true\"\r\n   Name=\"Body Text Indent\"></w:LsdException>\r\n  <w:LsdException Locked=\"false\" SemiHidden=\"true\" UnhideWhenUsed=\"true\"\r\n   Name=\"List Continue\"></w:LsdException>\r\n  <w:LsdException Locked=\"false\" SemiHidden=\"true\" UnhideWhenUsed=\"true\"\r\n   Name=\"List Continue 2\"></w:LsdException>\r\n  <w:LsdException Locked=\"false\" SemiHidden=\"true\" UnhideWhenUsed=\"true\"\r\n   Name=\"List Continue 3\"></w:LsdException>\r\n  <w:LsdException Locked=\"false\" SemiHidden=\"true\" UnhideWhenUsed=\"true\"\r\n   Name=\"List Continue 4\"></w:LsdException>\r\n  <w:LsdException Locked=\"false\" SemiHidden=\"true\" UnhideWhenUsed=\"true\"\r\n   Name=\"List Continue 5\"></w:LsdException>\r\n  <w:LsdException Locked=\"false\" SemiHidden=\"true\" UnhideWhenUsed=\"true\"\r\n   Name=\"Message Header\"></w:LsdException>\r\n  <w:LsdException Locked=\"false\" Priority=\"11\" QFormat=\"true\" Name=\"Subtitle\"></w:LsdException>\r\n  <w:LsdException Locked=\"false\" SemiHidden=\"true\" UnhideWhenUsed=\"true\"\r\n   Name=\"Salutation\"></w:LsdException>\r\n  <w:LsdException Locked=\"false\" SemiHidden=\"true\" UnhideWhenUsed=\"true\"\r\n   Name=\"Date\"></w:LsdException>\r\n  <w:LsdException Locked=\"false\" SemiHidden=\"true\" UnhideWhenUsed=\"true\"\r\n   Name=\"Body Text First Indent\"></w:LsdException>\r\n  <w:LsdException Locked=\"false\" SemiHidden=\"true\" UnhideWhenUsed=\"true\"\r\n   Name=\"Body Text First Indent 2\"></w:LsdException>\r\n  <w:LsdException Locked=\"false\" SemiHidden=\"true\" UnhideWhenUsed=\"true\"\r\n   Name=\"Note Heading\"></w:LsdException>\r\n  <w:LsdException Locked=\"false\" SemiHidden=\"true\" UnhideWhenUsed=\"true\"\r\n   Name=\"Body Text 2\"></w:LsdException>\r\n  <w:LsdException Locked=\"false\" SemiHidden=\"true\" UnhideWhenUsed=\"true\"\r\n   Name=\"Body Text 3\"></w:LsdException>\r\n  <w:LsdException Locked=\"false\" SemiHidden=\"true\" UnhideWhenUsed=\"true\"\r\n   Name=\"Body Text Indent 2\"></w:LsdException>\r\n  <w:LsdException Locked=\"false\" SemiHidden=\"true\" UnhideWhenUsed=\"true\"\r\n   Name=\"Body Text Indent 3\"></w:LsdException>\r\n  <w:LsdException Locked=\"false\" SemiHidden=\"true\" UnhideWhenUsed=\"true\"\r\n   Name=\"Block Text\"></w:LsdException>\r\n  <w:LsdException Locked=\"false\" SemiHidden=\"true\" UnhideWhenUsed=\"true\"\r\n   Name=\"Hyperlink\"></w:LsdException>\r\n  <w:LsdException Locked=\"false\" SemiHidden=\"true\" UnhideWhenUsed=\"true\"\r\n   Name=\"FollowedHyperlink\"></w:LsdException>\r\n  <w:LsdException Locked=\"false\" Priority=\"22\" QFormat=\"true\" Name=\"Strong\"></w:LsdException>\r\n  <w:LsdException Locked=\"false\" Priority=\"20\" QFormat=\"true\" Name=\"Emphasis\"></w:LsdException>\r\n  <w:LsdException Locked=\"false\" SemiHidden=\"true\" UnhideWhenUsed=\"true\"\r\n   Name=\"Document Map\"></w:LsdException>\r\n  <w:LsdException Locked=\"false\" SemiHidden=\"true\" UnhideWhenUsed=\"true\"\r\n   Name=\"Plain Text\"></w:LsdException>\r\n  <w:LsdException Locked=\"false\" SemiHidden=\"true\" UnhideWhenUsed=\"true\"\r\n   Name=\"E-mail Signature\"></w:LsdException>\r\n  <w:LsdException Locked=\"false\" SemiHidden=\"true\" UnhideWhenUsed=\"true\"\r\n   Name=\"HTML Top of Form\"></w:LsdException>\r\n  <w:LsdException Locked=\"false\" SemiHidden=\"true\" UnhideWhenUsed=\"true\"\r\n   Name=\"HTML Bottom of Form\"></w:LsdException>\r\n  <w:LsdException Locked=\"false\" SemiHidden=\"true\" UnhideWhenUsed=\"true\"\r\n   Name=\"Normal (Web)\"></w:LsdException>\r\n  <w:LsdException Locked=\"false\" SemiHidden=\"true\" UnhideWhenUsed=\"true\"\r\n   Name=\"HTML Acronym\"></w:LsdException>\r\n  <w:LsdException Locked=\"false\" SemiHidden=\"true\" UnhideWhenUsed=\"true\"\r\n   Name=\"HTML Address\"></w:LsdException>\r\n  <w:LsdException Locked=\"false\" SemiHidden=\"true\" UnhideWhenUsed=\"true\"\r\n   Name=\"HTML Cite\"></w:LsdException>\r\n  <w:LsdException Locked=\"false\" SemiHidden=\"true\" UnhideWhenUsed=\"true\"\r\n   Name=\"HTML Code\"></w:LsdException>\r\n  <w:LsdException Locked=\"false\" SemiHidden=\"true\" UnhideWhenUsed=\"true\"\r\n   Name=\"HTML Definition\"></w:LsdException>\r\n  <w:LsdException Locked=\"false\" SemiHidden=\"true\" UnhideWhenUsed=\"true\"\r\n   Name=\"HTML Keyboard\"></w:LsdException>\r\n  <w:LsdException Locked=\"false\" SemiHidden=\"true\" UnhideWhenUsed=\"true\"\r\n   Name=\"HTML Preformatted\"></w:LsdException>\r\n  <w:LsdException Locked=\"false\" SemiHidden=\"true\" UnhideWhenUsed=\"true\"\r\n   Name=\"HTML Sample\"></w:LsdException>\r\n  <w:LsdException Locked=\"false\" SemiHidden=\"true\" UnhideWhenUsed=\"true\"\r\n   Name=\"HTML Typewriter\"></w:LsdException>\r\n  <w:LsdException Locked=\"false\" SemiHidden=\"true\" UnhideWhenUsed=\"true\"\r\n   Name=\"HTML Variable\"></w:LsdException>\r\n  <w:LsdException Locked=\"false\" SemiHidden=\"true\" UnhideWhenUsed=\"true\"\r\n   Name=\"Normal Table\"></w:LsdException>\r\n  <w:LsdException Locked=\"false\" SemiHidden=\"true\" UnhideWhenUsed=\"true\"\r\n   Name=\"annotation subject\"></w:LsdException>\r\n  <w:LsdException Locked=\"false\" SemiHidden=\"true\" UnhideWhenUsed=\"true\"\r\n   Name=\"No List\"></w:LsdException>\r\n  <w:LsdException Locked=\"false\" SemiHidden=\"true\" UnhideWhenUsed=\"true\"\r\n   Name=\"Outline List 1\"></w:LsdException>\r\n  <w:LsdException Locked=\"false\" SemiHidden=\"true\" UnhideWhenUsed=\"true\"\r\n   Name=\"Outline List 2\"></w:LsdException>\r\n  <w:LsdException Locked=\"false\" SemiHidden=\"true\" UnhideWhenUsed=\"true\"\r\n   Name=\"Outline List 3\"></w:LsdException>\r\n  <w:LsdException Locked=\"false\" SemiHidden=\"true\" UnhideWhenUsed=\"true\"\r\n   Name=\"Table Simple 1\"></w:LsdException>\r\n  <w:LsdException Locked=\"false\" SemiHidden=\"true\" UnhideWhenUsed=\"true\"\r\n   Name=\"Table Simple 2\"></w:LsdException>\r\n  <w:LsdException Locked=\"false\" SemiHidden=\"true\" UnhideWhenUsed=\"true\"\r\n   Name=\"Table Simple 3\"></w:LsdException>\r\n  <w:LsdException Locked=\"false\" SemiHidden=\"true\" UnhideWhenUsed=\"true\"\r\n   Name=\"Table Classic 1\"></w:LsdException>\r\n  <w:LsdException Locked=\"false\" SemiHidden=\"true\" UnhideWhenUsed=\"true\"\r\n   Name=\"Table Classic 2\"></w:LsdException>\r\n  <w:LsdException Locked=\"false\" SemiHidden=\"true\" UnhideWhenUsed=\"true\"\r\n   Name=\"Table Classic 3\"></w:LsdException>\r\n  <w:LsdException Locked=\"false\" SemiHidden=\"true\" UnhideWhenUsed=\"true\"\r\n   Name=\"Table Classic 4\"></w:LsdException>\r\n  <w:LsdException Locked=\"false\" SemiHidden=\"true\" UnhideWhenUsed=\"true\"\r\n   Name=\"Table Colorful 1\"></w:LsdException>\r\n  <w:LsdException Locked=\"false\" SemiHidden=\"true\" UnhideWhenUsed=\"true\"\r\n   Name=\"Table Colorful 2\"></w:LsdException>\r\n  <w:LsdException Locked=\"false\" SemiHidden=\"true\" UnhideWhenUsed=\"true\"\r\n   Name=\"Table Colorful 3\"></w:LsdException>\r\n  <w:LsdException Locked=\"false\" SemiHidden=\"true\" UnhideWhenUsed=\"true\"\r\n   Name=\"Table Columns 1\"></w:LsdException>\r\n  <w:LsdException Locked=\"false\" SemiHidden=\"true\" UnhideWhenUsed=\"true\"\r\n   Name=\"Table Columns 2\"></w:LsdException>\r\n  <w:LsdException Locked=\"false\" SemiHidden=\"true\" UnhideWhenUsed=\"true\"\r\n   Name=\"Table Columns 3\"></w:LsdException>\r\n  <w:LsdException Locked=\"false\" SemiHidden=\"true\" UnhideWhenUsed=\"true\"\r\n   Name=\"Table Columns 4\"></w:LsdException>\r\n  <w:LsdException Locked=\"false\" SemiHidden=\"true\" UnhideWhenUsed=\"true\"\r\n   Name=\"Table Columns 5\"></w:LsdException>\r\n  <w:LsdException Locked=\"false\" SemiHidden=\"true\" UnhideWhenUsed=\"true\"\r\n   Name=\"Table Grid 1\"></w:LsdException>\r\n  <w:LsdException Locked=\"false\" SemiHidden=\"true\" UnhideWhenUsed=\"true\"\r\n   Name=\"Table Grid 2\"></w:LsdException>\r\n  <w:LsdException Locked=\"false\" SemiHidden=\"true\" UnhideWhenUsed=\"true\"\r\n   Name=\"Table Grid 3\"></w:LsdException>\r\n  <w:LsdException Locked=\"false\" SemiHidden=\"true\" UnhideWhenUsed=\"true\"\r\n   Name=\"Table Grid 4\"></w:LsdException>\r\n  <w:LsdException Locked=\"false\" SemiHidden=\"true\" UnhideWhenUsed=\"true\"\r\n   Name=\"Table Grid 5\"></w:LsdException>\r\n  <w:LsdException Locked=\"false\" SemiHidden=\"true\" UnhideWhenUsed=\"true\"\r\n   Name=\"Table Grid 6\"></w:LsdException>\r\n  <w:LsdException Locked=\"false\" SemiHidden=\"true\" UnhideWhenUsed=\"true\"\r\n   Name=\"Table Grid 7\"></w:LsdException>\r\n  <w:LsdException Locked=\"false\" SemiHidden=\"true\" UnhideWhenUsed=\"true\"\r\n   Name=\"Table Grid 8\"></w:LsdException>\r\n  <w:LsdException Locked=\"false\" SemiHidden=\"true\" UnhideWhenUsed=\"true\"\r\n   Name=\"Table List 1\"></w:LsdException>\r\n  <w:LsdException Locked=\"false\" SemiHidden=\"true\" UnhideWhenUsed=\"true\"\r\n   Name=\"Table List 2\"></w:LsdException>\r\n  <w:LsdException Locked=\"false\" SemiHidden=\"true\" UnhideWhenUsed=\"true\"\r\n   Name=\"Table List 3\"></w:LsdException>\r\n  <w:LsdException Locked=\"false\" SemiHidden=\"true\" UnhideWhenUsed=\"true\"\r\n   Name=\"Table List 4\"></w:LsdException>\r\n  <w:LsdException Locked=\"false\" SemiHidden=\"true\" UnhideWhenUsed=\"true\"\r\n   Name=\"Table List 5\"></w:LsdException>\r\n  <w:LsdException Locked=\"false\" SemiHidden=\"true\" UnhideWhenUsed=\"true\"\r\n   Name=\"Table List 6\"></w:LsdException>\r\n  <w:LsdException Locked=\"false\" SemiHidden=\"true\" UnhideWhenUsed=\"true\"\r\n   Name=\"Table List 7\"></w:LsdException>\r\n  <w:LsdException Locked=\"false\" SemiHidden=\"true\" UnhideWhenUsed=\"true\"\r\n   Name=\"Table List 8\"></w:LsdException>\r\n  <w:LsdException Locked=\"false\" SemiHidden=\"true\" UnhideWhenUsed=\"true\"\r\n   Name=\"Table 3D effects 1\"></w:LsdException>\r\n  <w:LsdException Locked=\"false\" SemiHidden=\"true\" UnhideWhenUsed=\"true\"\r\n   Name=\"Table 3D effects 2\"></w:LsdException>\r\n  <w:LsdException Locked=\"false\" SemiHidden=\"true\" UnhideWhenUsed=\"true\"\r\n   Name=\"Table 3D effects 3\"></w:LsdException>\r\n  <w:LsdException Locked=\"false\" SemiHidden=\"true\" UnhideWhenUsed=\"true\"\r\n   Name=\"Table Contemporary\"></w:LsdException>\r\n  <w:LsdException Locked=\"false\" SemiHidden=\"true\" UnhideWhenUsed=\"true\"\r\n   Name=\"Table Elegant\"></w:LsdException>\r\n  <w:LsdException Locked=\"false\" SemiHidden=\"true\" UnhideWhenUsed=\"true\"\r\n   Name=\"Table Professional\"></w:LsdException>\r\n  <w:LsdException Locked=\"false\" SemiHidden=\"true\" UnhideWhenUsed=\"true\"\r\n   Name=\"Table Subtle 1\"></w:LsdException>\r\n  <w:LsdException Locked=\"false\" SemiHidden=\"true\" UnhideWhenUsed=\"true\"\r\n   Name=\"Table Subtle 2\"></w:LsdException>\r\n  <w:LsdException Locked=\"false\" SemiHidden=\"true\" UnhideWhenUsed=\"true\"\r\n   Name=\"Table Web 1\"></w:LsdException>\r\n  <w:LsdException Locked=\"false\" SemiHidden=\"true\" UnhideWhenUsed=\"true\"\r\n   Name=\"Table Web 2\"></w:LsdException>\r\n  <w:LsdException Locked=\"false\" SemiHidden=\"true\" UnhideWhenUsed=\"true\"\r\n   Name=\"Table Web 3\"></w:LsdException>\r\n  <w:LsdException Locked=\"false\" SemiHidden=\"true\" UnhideWhenUsed=\"true\"\r\n   Name=\"Balloon Text\"></w:LsdException>\r\n  <w:LsdException Locked=\"false\" Priority=\"39\" Name=\"Table Grid\"></w:LsdException>\r\n  <w:LsdException Locked=\"false\" SemiHidden=\"true\" UnhideWhenUsed=\"true\"\r\n   Name=\"Table Theme\"></w:LsdException>\r\n  <w:LsdException Locked=\"false\" SemiHidden=\"true\" Name=\"Placeholder Text\"></w:LsdException>\r\n  <w:LsdException Locked=\"false\" Priority=\"1\" QFormat=\"true\" Name=\"No Spacing\"></w:LsdException>\r\n  <w:LsdException Locked=\"false\" Priority=\"60\" Name=\"Light Shading\"></w:LsdException>\r\n  <w:LsdException Locked=\"false\" Priority=\"61\" Name=\"Light List\"></w:LsdException>\r\n  <w:LsdException Locked=\"false\" Priority=\"62\" Name=\"Light Grid\"></w:LsdException>\r\n  <w:LsdException Locked=\"false\" Priority=\"63\" Name=\"Medium Shading 1\"></w:LsdException>\r\n  <w:LsdException Locked=\"false\" Priority=\"64\" Name=\"Medium Shading 2\"></w:LsdException>\r\n  <w:LsdException Locked=\"false\" Priority=\"65\" Name=\"Medium List 1\"></w:LsdException>\r\n  <w:LsdException Locked=\"false\" Priority=\"66\" Name=\"Medium List 2\"></w:LsdException>\r\n  <w:LsdException Locked=\"false\" Priority=\"67\" Name=\"Medium Grid 1\"></w:LsdException>\r\n  <w:LsdException Locked=\"false\" Priority=\"68\" Name=\"Medium Grid 2\"></w:LsdException>\r\n  <w:LsdException Locked=\"false\" Priority=\"69\" Name=\"Medium Grid 3\"></w:LsdException>\r\n  <w:LsdException Locked=\"false\" Priority=\"70\" Name=\"Dark List\"></w:LsdException>\r\n  <w:LsdException Locked=\"false\" Priority=\"71\" Name=\"Colorful Shading\"></w:LsdException>\r\n  <w:LsdException Locked=\"false\" Priority=\"72\" Name=\"Colorful List\"></w:LsdException>\r\n  <w:LsdException Locked=\"false\" Priority=\"73\" Name=\"Colorful Grid\"></w:LsdException>\r\n  <w:LsdException Locked=\"false\" Priority=\"60\" Name=\"Light Shading Accent 1\"></w:LsdException>\r\n  <w:LsdException Locked=\"false\" Priority=\"61\" Name=\"Light List Accent 1\"></w:LsdException>\r\n  <w:LsdException Locked=\"false\" Priority=\"62\" Name=\"Light Grid Accent 1\"></w:LsdException>\r\n  <w:LsdException Locked=\"false\" Priority=\"63\" Name=\"Medium Shading 1 Accent 1\"></w:LsdException>\r\n  <w:LsdException Locked=\"false\" Priority=\"64\" Name=\"Medium Shading 2 Accent 1\"></w:LsdException>\r\n  <w:LsdException Locked=\"false\" Priority=\"65\" Name=\"Medium List 1 Accent 1\"></w:LsdException>\r\n  <w:LsdException Locked=\"false\" SemiHidden=\"true\" Name=\"Revision\"></w:LsdException>\r\n  <w:LsdException Locked=\"false\" Priority=\"34\" QFormat=\"true\"\r\n   Name=\"List Paragraph\"></w:LsdException>\r\n  <w:LsdException Locked=\"false\" Priority=\"29\" QFormat=\"true\" Name=\"Quote\"></w:LsdException>\r\n  <w:LsdException Locked=\"false\" Priority=\"30\" QFormat=\"true\"\r\n   Name=\"Intense Quote\"></w:LsdException>\r\n  <w:LsdException Locked=\"false\" Priority=\"66\" Name=\"Medium List 2 Accent 1\"></w:LsdException>\r\n  <w:LsdException Locked=\"false\" Priority=\"67\" Name=\"Medium Grid 1 Accent 1\"></w:LsdException>\r\n  <w:LsdException Locked=\"false\" Priority=\"68\" Name=\"Medium Grid 2 Accent 1\"></w:LsdException>\r\n  <w:LsdException Locked=\"false\" Priority=\"69\" Name=\"Medium Grid 3 Accent 1\"></w:LsdException>\r\n  <w:LsdException Locked=\"false\" Priority=\"70\" Name=\"Dark List Accent 1\"></w:LsdException>\r\n  <w:LsdException Locked=\"false\" Priority=\"71\" Name=\"Colorful Shading Accent 1\"></w:LsdException>\r\n  <w:LsdException Locked=\"false\" Priority=\"72\" Name=\"Colorful List Accent 1\"></w:LsdException>\r\n  <w:LsdException Locked=\"false\" Priority=\"73\" Name=\"Colorful Grid Accent 1\"></w:LsdException>\r\n  <w:LsdException Locked=\"false\" Priority=\"60\" Name=\"Light Shading Accent 2\"></w:LsdException>\r\n  <w:LsdException Locked=\"false\" Priority=\"61\" Name=\"Light List Accent 2\"></w:LsdException>\r\n  <w:LsdException Locked=\"false\" Priority=\"62\" Name=\"Light Grid Accent 2\"></w:LsdException>\r\n  <w:LsdException Locked=\"false\" Priority=\"63\" Name=\"Medium Shading 1 Accent 2\"></w:LsdException>\r\n  <w:LsdException Locked=\"false\" Priority=\"64\" Name=\"Medium Shading 2 Accent 2\"></w:LsdException>\r\n  <w:LsdException Locked=\"false\" Priority=\"65\" Name=\"Medium List 1 Accent 2\"></w:LsdException>\r\n  <w:LsdException Locked=\"false\" Priority=\"66\" Name=\"Medium List 2 Accent 2\"></w:LsdException>\r\n  <w:LsdException Locked=\"false\" Priority=\"67\" Name=\"Medium Grid 1 Accent 2\"></w:LsdException>\r\n  <w:LsdException Locked=\"false\" Priority=\"68\" Name=\"Medium Grid 2 Accent 2\"></w:LsdException>\r\n  <w:LsdException Locked=\"false\" Priority=\"69\" Name=\"Medium Grid 3 Accent 2\"></w:LsdException>\r\n  <w:LsdException Locked=\"false\" Priority=\"70\" Name=\"Dark List Accent 2\"></w:LsdException>\r\n  <w:LsdException Locked=\"false\" Priority=\"71\" Name=\"Colorful Shading Accent 2\"></w:LsdException>\r\n  <w:LsdException Locked=\"false\" Priority=\"72\" Name=\"Colorful List Accent 2\"></w:LsdException>\r\n  <w:LsdException Locked=\"false\" Priority=\"73\" Name=\"Colorful Grid Accent 2\"></w:LsdException>\r\n  <w:LsdException Locked=\"false\" Priority=\"60\" Name=\"Light Shading Accent 3\"></w:LsdException>\r\n  <w:LsdException Locked=\"false\" Priority=\"61\" Name=\"Light List Accent 3\"></w:LsdException>\r\n  <w:LsdException Locked=\"false\" Priority=\"62\" Name=\"Light Grid Accent 3\"></w:LsdException>\r\n  <w:LsdException Locked=\"false\" Priority=\"63\" Name=\"Medium Shading 1 Accent 3\"></w:LsdException>\r\n  <w:LsdException Locked=\"false\" Priority=\"64\" Name=\"Medium Shading 2 Accent 3\"></w:LsdException>\r\n  <w:LsdException Locked=\"false\" Priority=\"65\" Name=\"Medium List 1 Accent 3\"></w:LsdException>\r\n  <w:LsdException Locked=\"false\" Priority=\"66\" Name=\"Medium List 2 Accent 3\"></w:LsdException>\r\n  <w:LsdException Locked=\"false\" Priority=\"67\" Name=\"Medium Grid 1 Accent 3\"></w:LsdException>\r\n  <w:LsdException Locked=\"false\" Priority=\"68\" Name=\"Medium Grid 2 Accent 3\"></w:LsdException>\r\n  <w:LsdException Locked=\"false\" Priority=\"69\" Name=\"Medium Grid 3 Accent 3\"></w:LsdException>\r\n  <w:LsdException Locked=\"false\" Priority=\"70\" Name=\"Dark List Accent 3\"></w:LsdException>\r\n  <w:LsdException Locked=\"false\" Priority=\"71\" Name=\"Colorful Shading Accent 3\"></w:LsdException>\r\n  <w:LsdException Locked=\"false\" Priority=\"72\" Name=\"Colorful List Accent 3\"></w:LsdException>\r\n  <w:LsdException Locked=\"false\" Priority=\"73\" Name=\"Colorful Grid Accent 3\"></w:LsdException>\r\n  <w:LsdException Locked=\"false\" Priority=\"60\" Name=\"Light Shading Accent 4\"></w:LsdException>\r\n  <w:LsdException Locked=\"false\" Priority=\"61\" Name=\"Light List Accent 4\"></w:LsdException>\r\n  <w:LsdException Locked=\"false\" Priority=\"62\" Name=\"Light Grid Accent 4\"></w:LsdException>\r\n  <w:LsdException Locked=\"false\" Priority=\"63\" Name=\"Medium Shading 1 Accent 4\"></w:LsdException>\r\n  <w:LsdException Locked=\"false\" Priority=\"64\" Name=\"Medium Shading 2 Accent 4\"></w:LsdException>\r\n  <w:LsdException Locked=\"false\" Priority=\"65\" Name=\"Medium List 1 Accent 4\"></w:LsdException>\r\n  <w:LsdException Locked=\"false\" Priority=\"66\" Name=\"Medium List 2 Accent 4\"></w:LsdException>\r\n  <w:LsdException Locked=\"false\" Priority=\"67\" Name=\"Medium Grid 1 Accent 4\"></w:LsdException>\r\n  <w:LsdException Locked=\"false\" Priority=\"68\" Name=\"Medium Grid 2 Accent 4\"></w:LsdException>\r\n  <w:LsdException Locked=\"false\" Priority=\"69\" Name=\"Medium Grid 3 Accent 4\"></w:LsdException>\r\n  <w:LsdException Locked=\"false\" Priority=\"70\" Name=\"Dark List Accent 4\"></w:LsdException>\r\n  <w:LsdException Locked=\"false\" Priority=\"71\" Name=\"Colorful Shading Accent 4\"></w:LsdException>\r\n  <w:LsdException Locked=\"false\" Priority=\"72\" Name=\"Colorful List Accent 4\"></w:LsdException>\r\n  <w:LsdException Locked=\"false\" Priority=\"73\" Name=\"Colorful Grid Accent 4\"></w:LsdException>\r\n  <w:LsdException Locked=\"false\" Priority=\"60\" Name=\"Light Shading Accent 5\"></w:LsdException>\r\n  <w:LsdException Locked=\"false\" Priority=\"61\" Name=\"Light List Accent 5\"></w:LsdException>\r\n  <w:LsdException Locked=\"false\" Priority=\"62\" Name=\"Light Grid Accent 5\"></w:LsdException>\r\n  <w:LsdException Locked=\"false\" Priority=\"63\" Name=\"Medium Shading 1 Accent 5\"></w:LsdException>\r\n  <w:LsdException Locked=\"false\" Priority=\"64\" Name=\"Medium Shading 2 Accent 5\"></w:LsdException>\r\n  <w:LsdException Locked=\"false\" Priority=\"65\" Name=\"Medium List 1 Accent 5\"></w:LsdException>\r\n  <w:LsdException Locked=\"false\" Priority=\"66\" Name=\"Medium List 2 Accent 5\"></w:LsdException>\r\n  <w:LsdException Locked=\"false\" Priority=\"67\" Name=\"Medium Grid 1 Accent 5\"></w:LsdException>\r\n  <w:LsdException Locked=\"false\" Priority=\"68\" Name=\"Medium Grid 2 Accent 5\"></w:LsdException>\r\n  <w:LsdException Locked=\"false\" Priority=\"69\" Name=\"Medium Grid 3 Accent 5\"></w:LsdException>\r\n  <w:LsdException Locked=\"false\" Priority=\"70\" Name=\"Dark List Accent 5\"></w:LsdException>\r\n  <w:LsdException Locked=\"false\" Priority=\"71\" Name=\"Colorful Shading Accent 5\"></w:LsdException>\r\n  <w:LsdException Locked=\"false\" Priority=\"72\" Name=\"Colorful List Accent 5\"></w:LsdException>\r\n  <w:LsdException Locked=\"false\" Priority=\"73\" Name=\"Colorful Grid Accent 5\"></w:LsdException>\r\n  <w:LsdException Locked=\"false\" Priority=\"60\" Name=\"Light Shading Accent 6\"></w:LsdException>\r\n  <w:LsdException Locked=\"false\" Priority=\"61\" Name=\"Light List Accent 6\"></w:LsdException>\r\n  <w:LsdException Locked=\"false\" Priority=\"62\" Name=\"Light Grid Accent 6\"></w:LsdException>\r\n  <w:LsdException Locked=\"false\" Priority=\"63\" Name=\"Medium Shading 1 Accent 6\"></w:LsdException>\r\n  <w:LsdException Locked=\"false\" Priority=\"64\" Name=\"Medium Shading 2 Accent 6\"></w:LsdException>\r\n  <w:LsdException Locked=\"false\" Priority=\"65\" Name=\"Medium List 1 Accent 6\"></w:LsdException>\r\n  <w:LsdException Locked=\"false\" Priority=\"66\" Name=\"Medium List 2 Accent 6\"></w:LsdException>\r\n  <w:LsdException Locked=\"false\" Priority=\"67\" Name=\"Medium Grid 1 Accent 6\"></w:LsdException>\r\n  <w:LsdException Locked=\"false\" Priority=\"68\" Name=\"Medium Grid 2 Accent 6\"></w:LsdException>\r\n  <w:LsdException Locked=\"false\" Priority=\"69\" Name=\"Medium Grid 3 Accent 6\"></w:LsdException>\r\n  <w:LsdException Locked=\"false\" Priority=\"70\" Name=\"Dark List Accent 6\"></w:LsdException>\r\n  <w:LsdException Locked=\"false\" Priority=\"71\" Name=\"Colorful Shading Accent 6\"></w:LsdException>\r\n  <w:LsdException Locked=\"false\" Priority=\"72\" Name=\"Colorful List Accent 6\"></w:LsdException>\r\n  <w:LsdException Locked=\"false\" Priority=\"73\" Name=\"Colorful Grid Accent 6\"></w:LsdException>\r\n  <w:LsdException Locked=\"false\" Priority=\"19\" QFormat=\"true\"\r\n   Name=\"Subtle Emphasis\"></w:LsdException>\r\n  <w:LsdException Locked=\"false\" Priority=\"21\" QFormat=\"true\"\r\n   Name=\"Intense Emphasis\"></w:LsdException>\r\n  <w:LsdException Locked=\"false\" Priority=\"31\" QFormat=\"true\"\r\n   Name=\"Subtle Reference\"></w:LsdException>\r\n  <w:LsdException Locked=\"false\" Priority=\"32\" QFormat=\"true\"\r\n   Name=\"Intense Reference\"></w:LsdException>\r\n  <w:LsdException Locked=\"false\" Priority=\"33\" QFormat=\"true\" Name=\"Book Title\"></w:LsdException>\r\n  <w:LsdException Locked=\"false\" Priority=\"37\" SemiHidden=\"true\"\r\n   UnhideWhenUsed=\"true\" Name=\"Bibliography\"></w:LsdException>\r\n  <w:LsdException Locked=\"false\" Priority=\"39\" SemiHidden=\"true\"\r\n   UnhideWhenUsed=\"true\" QFormat=\"true\" Name=\"TOC Heading\"></w:LsdException>\r\n  <w:LsdException Locked=\"false\" Priority=\"41\" Name=\"Plain Table 1\"></w:LsdException>\r\n  <w:LsdException Locked=\"false\" Priority=\"42\" Name=\"Plain Table 2\"></w:LsdException>\r\n  <w:LsdException Locked=\"false\" Priority=\"43\" Name=\"Plain Table 3\"></w:LsdException>\r\n  <w:LsdException Locked=\"false\" Priority=\"44\" Name=\"Plain Table 4\"></w:LsdException>\r\n  <w:LsdException Locked=\"false\" Priority=\"45\" Name=\"Plain Table 5\"></w:LsdException>\r\n  <w:LsdException Locked=\"false\" Priority=\"40\" Name=\"Grid Table Light\"></w:LsdException>\r\n  <w:LsdException Locked=\"false\" Priority=\"46\" Name=\"Grid Table 1 Light\"></w:LsdException>\r\n  <w:LsdException Locked=\"false\" Priority=\"47\" Name=\"Grid Table 2\"></w:LsdException>\r\n  <w:LsdException Locked=\"false\" Priority=\"48\" Name=\"Grid Table 3\"></w:LsdException>\r\n  <w:LsdException Locked=\"false\" Priority=\"49\" Name=\"Grid Table 4\"></w:LsdException>\r\n  <w:LsdException Locked=\"false\" Priority=\"50\" Name=\"Grid Table 5 Dark\"></w:LsdException>\r\n  <w:LsdException Locked=\"false\" Priority=\"51\" Name=\"Grid Table 6 Colorful\"></w:LsdException>\r\n  <w:LsdException Locked=\"false\" Priority=\"52\" Name=\"Grid Table 7 Colorful\"></w:LsdException>\r\n  <w:LsdException Locked=\"false\" Priority=\"46\"\r\n   Name=\"Grid Table 1 Light Accent 1\"></w:LsdException>\r\n  <w:LsdException Locked=\"false\" Priority=\"47\" Name=\"Grid Table 2 Accent 1\"></w:LsdException>\r\n  <w:LsdException Locked=\"false\" Priority=\"48\" Name=\"Grid Table 3 Accent 1\"></w:LsdException>\r\n  <w:LsdException Locked=\"false\" Priority=\"49\" Name=\"Grid Table 4 Accent 1\"></w:LsdException>\r\n  <w:LsdException Locked=\"false\" Priority=\"50\" Name=\"Grid Table 5 Dark Accent 1\"></w:LsdException>\r\n  <w:LsdException Locked=\"false\" Priority=\"51\"\r\n   Name=\"Grid Table 6 Colorful Accent 1\"></w:LsdException>\r\n  <w:LsdException Locked=\"false\" Priority=\"52\"\r\n   Name=\"Grid Table 7 Colorful Accent 1\"></w:LsdException>\r\n  <w:LsdException Locked=\"false\" Priority=\"46\"\r\n   Name=\"Grid Table 1 Light Accent 2\"></w:LsdException>\r\n  <w:LsdException Locked=\"false\" Priority=\"47\" Name=\"Grid Table 2 Accent 2\"></w:LsdException>\r\n  <w:LsdException Locked=\"false\" Priority=\"48\" Name=\"Grid Table 3 Accent 2\"></w:LsdException>\r\n  <w:LsdException Locked=\"false\" Priority=\"49\" Name=\"Grid Table 4 Accent 2\"></w:LsdException>\r\n  <w:LsdException Locked=\"false\" Priority=\"50\" Name=\"Grid Table 5 Dark Accent 2\"></w:LsdException>\r\n  <w:LsdException Locked=\"false\" Priority=\"51\"\r\n   Name=\"Grid Table 6 Colorful Accent 2\"></w:LsdException>\r\n  <w:LsdException Locked=\"false\" Priority=\"52\"\r\n   Name=\"Grid Table 7 Colorful Accent 2\"></w:LsdException>\r\n  <w:LsdException Locked=\"false\" Priority=\"46\"\r\n   Name=\"Grid Table 1 Light Accent 3\"></w:LsdException>\r\n  <w:LsdException Locked=\"false\" Priority=\"47\" Name=\"Grid Table 2 Accent 3\"></w:LsdException>\r\n  <w:LsdException Locked=\"false\" Priority=\"48\" Name=\"Grid Table 3 Accent 3\"></w:LsdException>\r\n  <w:LsdException Locked=\"false\" Priority=\"49\" Name=\"Grid Table 4 Accent 3\"></w:LsdException>\r\n  <w:LsdException Locked=\"false\" Priority=\"50\" Name=\"Grid Table 5 Dark Accent 3\"></w:LsdException>\r\n  <w:LsdException Locked=\"false\" Priority=\"51\"\r\n   Name=\"Grid Table 6 Colorful Accent 3\"></w:LsdException>\r\n  <w:LsdException Locked=\"false\" Priority=\"52\"\r\n   Name=\"Grid Table 7 Colorful Accent 3\"></w:LsdException>\r\n  <w:LsdException Locked=\"false\" Priority=\"46\"\r\n   Name=\"Grid Table 1 Light Accent 4\"></w:LsdException>\r\n  <w:LsdException Locked=\"false\" Priority=\"47\" Name=\"Grid Table 2 Accent 4\"></w:LsdException>\r\n  <w:LsdException Locked=\"false\" Priority=\"48\" Name=\"Grid Table 3 Accent 4\"></w:LsdException>\r\n  <w:LsdException Locked=\"false\" Priority=\"49\" Name=\"Grid Table 4 Accent 4\"></w:LsdException>\r\n  <w:LsdException Locked=\"false\" Priority=\"50\" Name=\"Grid Table 5 Dark Accent 4\"></w:LsdException>\r\n  <w:LsdException Locked=\"false\" Priority=\"51\"\r\n   Name=\"Grid Table 6 Colorful Accent 4\"></w:LsdException>\r\n  <w:LsdException Locked=\"false\" Priority=\"52\"\r\n   Name=\"Grid Table 7 Colorful Accent 4\"></w:LsdException>\r\n  <w:LsdException Locked=\"false\" Priority=\"46\"\r\n   Name=\"Grid Table 1 Light Accent 5\"></w:LsdException>\r\n  <w:LsdException Locked=\"false\" Priority=\"47\" Name=\"Grid Table 2 Accent 5\"></w:LsdException>\r\n  <w:LsdException Locked=\"false\" Priority=\"48\" Name=\"Grid Table 3 Accent 5\"></w:LsdException>\r\n  <w:LsdException Locked=\"false\" Priority=\"49\" Name=\"Grid Table 4 Accent 5\"></w:LsdException>\r\n  <w:LsdException Locked=\"false\" Priority=\"50\" Name=\"Grid Table 5 Dark Accent 5\"></w:LsdException>\r\n  <w:LsdException Locked=\"false\" Priority=\"51\"\r\n   Name=\"Grid Table 6 Colorful Accent 5\"></w:LsdException>\r\n  <w:LsdException Locked=\"false\" Priority=\"52\"\r\n   Name=\"Grid Table 7 Colorful Accent 5\"></w:LsdException>\r\n  <w:LsdException Locked=\"false\" Priority=\"46\"\r\n   Name=\"Grid Table 1 Light Accent 6\"></w:LsdException>\r\n  <w:LsdException Locked=\"false\" Priority=\"47\" Name=\"Grid Table 2 Accent 6\"></w:LsdException>\r\n  <w:LsdException Locked=\"false\" Priority=\"48\" Name=\"Grid Table 3 Accent 6\"></w:LsdException>\r\n  <w:LsdException Locked=\"false\" Priority=\"49\" Name=\"Grid Table 4 Accent 6\"></w:LsdException>\r\n  <w:LsdException Locked=\"false\" Priority=\"50\" Name=\"Grid Table 5 Dark Accent 6\"></w:LsdException>\r\n  <w:LsdException Locked=\"false\" Priority=\"51\"\r\n   Name=\"Grid Table 6 Colorful Accent 6\"></w:LsdException>\r\n  <w:LsdException Locked=\"false\" Priority=\"52\"\r\n   Name=\"Grid Table 7 Colorful Accent 6\"></w:LsdException>\r\n  <w:LsdException Locked=\"false\" Priority=\"46\" Name=\"List Table 1 Light\"></w:LsdException>\r\n  <w:LsdException Locked=\"false\" Priority=\"47\" Name=\"List Table 2\"></w:LsdException>\r\n  <w:LsdException Locked=\"false\" Priority=\"48\" Name=\"List Table 3\"></w:LsdException>\r\n  <w:LsdException Locked=\"false\" Priority=\"49\" Name=\"List Table 4\"></w:LsdException>\r\n  <w:LsdException Locked=\"false\" Priority=\"50\" Name=\"List Table 5 Dark\"></w:LsdException>\r\n  <w:LsdException Locked=\"false\" Priority=\"51\" Name=\"List Table 6 Colorful\"></w:LsdException>\r\n  <w:LsdException Locked=\"false\" Priority=\"52\" Name=\"List Table 7 Colorful\"></w:LsdException>\r\n  <w:LsdException Locked=\"false\" Priority=\"46\"\r\n   Name=\"List Table 1 Light Accent 1\"></w:LsdException>\r\n  <w:LsdException Locked=\"false\" Priority=\"47\" Name=\"List Table 2 Accent 1\"></w:LsdException>\r\n  <w:LsdException Locked=\"false\" Priority=\"48\" Name=\"List Table 3 Accent 1\"></w:LsdException>\r\n  <w:LsdException Locked=\"false\" Priority=\"49\" Name=\"List Table 4 Accent 1\"></w:LsdException>\r\n  <w:LsdException Locked=\"false\" Priority=\"50\" Name=\"List Table 5 Dark Accent 1\"></w:LsdException>\r\n  <w:LsdException Locked=\"false\" Priority=\"51\"\r\n   Name=\"List Table 6 Colorful Accent 1\"></w:LsdException>\r\n  <w:LsdException Locked=\"false\" Priority=\"52\"\r\n   Name=\"List Table 7 Colorful Accent 1\"></w:LsdException>\r\n  <w:LsdException Locked=\"false\" Priority=\"46\"\r\n   Name=\"List Table 1 Light Accent 2\"></w:LsdException>\r\n  <w:LsdException Locked=\"false\" Priority=\"47\" Name=\"List Table 2 Accent 2\"></w:LsdException>\r\n  <w:LsdException Locked=\"false\" Priority=\"48\" Name=\"List Table 3 Accent 2\"></w:LsdException>\r\n  <w:LsdException Locked=\"false\" Priority=\"49\" Name=\"List Table 4 Accent 2\"></w:LsdException>\r\n  <w:LsdException Locked=\"false\" Priority=\"50\" Name=\"List Table 5 Dark Accent 2\"></w:LsdException>\r\n  <w:LsdException Locked=\"false\" Priority=\"51\"\r\n   Name=\"List Table 6 Colorful Accent 2\"></w:LsdException>\r\n  <w:LsdException Locked=\"false\" Priority=\"52\"\r\n   Name=\"List Table 7 Colorful Accent 2\"></w:LsdException>\r\n  <w:LsdException Locked=\"false\" Priority=\"46\"\r\n   Name=\"List Table 1 Light Accent 3\"></w:LsdException>\r\n  <w:LsdException Locked=\"false\" Priority=\"47\" Name=\"List Table 2 Accent 3\"></w:LsdException>\r\n  <w:LsdException Locked=\"false\" Priority=\"48\" Name=\"List Table 3 Accent 3\"></w:LsdException>\r\n  <w:LsdException Locked=\"false\" Priority=\"49\" Name=\"List Table 4 Accent 3\"></w:LsdException>\r\n  <w:LsdException Locked=\"false\" Priority=\"50\" Name=\"List Table 5 Dark Accent 3\"></w:LsdException>\r\n  <w:LsdException Locked=\"false\" Priority=\"51\"\r\n   Name=\"List Table 6 Colorful Accent 3\"></w:LsdException>\r\n  <w:LsdException Locked=\"false\" Priority=\"52\"\r\n   Name=\"List Table 7 Colorful Accent 3\"></w:LsdException>\r\n  <w:LsdException Locked=\"false\" Priority=\"46\"\r\n   Name=\"List Table 1 Light Accent 4\"></w:LsdException>\r\n  <w:LsdException Locked=\"false\" Priority=\"47\" Name=\"List Table 2 Accent 4\"></w:LsdException>\r\n  <w:LsdException Locked=\"false\" Priority=\"48\" Name=\"List Table 3 Accent 4\"></w:LsdException>\r\n  <w:LsdException Locked=\"false\" Priority=\"49\" Name=\"List Table 4 Accent 4\"></w:LsdException>\r\n  <w:LsdException Locked=\"false\" Priority=\"50\" Name=\"List Table 5 Dark Accent 4\"></w:LsdException>\r\n  <w:LsdException Locked=\"false\" Priority=\"51\"\r\n   Name=\"List Table 6 Colorful Accent 4\"></w:LsdException>\r\n  <w:LsdException Locked=\"false\" Priority=\"52\"\r\n   Name=\"List Table 7 Colorful Accent 4\"></w:LsdException>\r\n  <w:LsdException Locked=\"false\" Priority=\"46\"\r\n   Name=\"List Table 1 Light Accent 5\"></w:LsdException>\r\n  <w:LsdException Locked=\"false\" Priority=\"47\" Name=\"List Table 2 Accent 5\"></w:LsdException>\r\n  <w:LsdException Locked=\"false\" Priority=\"48\" Name=\"List Table 3 Accent 5\"></w:LsdException>\r\n  <w:LsdException Locked=\"false\" Priority=\"49\" Name=\"List Table 4 Accent 5\"></w:LsdException>\r\n  <w:LsdException Locked=\"false\" Priority=\"50\" Name=\"List Table 5 Dark Accent 5\"></w:LsdException>\r\n  <w:LsdException Locked=\"false\" Priority=\"51\"\r\n   Name=\"List Table 6 Colorful Accent 5\"></w:LsdException>\r\n  <w:LsdException Locked=\"false\" Priority=\"52\"\r\n   Name=\"List Table 7 Colorful Accent 5\"></w:LsdException>\r\n  <w:LsdException Locked=\"false\" Priority=\"46\"\r\n   Name=\"List Table 1 Light Accent 6\"></w:LsdException>\r\n  <w:LsdException Locked=\"false\" Priority=\"47\" Name=\"List Table 2 Accent 6\"></w:LsdException>\r\n  <w:LsdException Locked=\"false\" Priority=\"48\" Name=\"List Table 3 Accent 6\"></w:LsdException>\r\n  <w:LsdException Locked=\"false\" Priority=\"49\" Name=\"List Table 4 Accent 6\"></w:LsdException>\r\n  <w:LsdException Locked=\"false\" Priority=\"50\" Name=\"List Table 5 Dark Accent 6\"></w:LsdException>\r\n  <w:LsdException Locked=\"false\" Priority=\"51\"\r\n   Name=\"List Table 6 Colorful Accent 6\"></w:LsdException>\r\n  <w:LsdException Locked=\"false\" Priority=\"52\"\r\n   Name=\"List Table 7 Colorful Accent 6\"></w:LsdException>\r\n  <w:LsdException Locked=\"false\" SemiHidden=\"true\" UnhideWhenUsed=\"true\"\r\n   Name=\"Mention\"></w:LsdException>\r\n  <w:LsdException Locked=\"false\" SemiHidden=\"true\" UnhideWhenUsed=\"true\"\r\n   Name=\"Smart Hyperlink\"></w:LsdException>\r\n  <w:LsdException Locked=\"false\" SemiHidden=\"true\" UnhideWhenUsed=\"true\"\r\n   Name=\"Hashtag\"></w:LsdException>\r\n  <w:LsdException Locked=\"false\" SemiHidden=\"true\" UnhideWhenUsed=\"true\"\r\n   Name=\"Unresolved Mention\"></w:LsdException>\r\n  <w:LsdException Locked=\"false\" SemiHidden=\"true\" UnhideWhenUsed=\"true\"\r\n   Name=\"Smart Link\"></w:LsdException>\r\n </w:LatentStyles>\r\n</xml><![endif]--><!--[if gte mso 10]>\r\n<style>\r\n /* Style Definitions */\r\n table.MsoNormalTable\r\n\t{mso-style-name:\"Table Normal\";\r\n\tmso-tstyle-rowband-size:0;\r\n\tmso-tstyle-colband-size:0;\r\n\tmso-style-noshow:yes;\r\n\tmso-style-priority:99;\r\n\tmso-style-parent:\"\";\r\n\tmso-padding-alt:0cm 5.4pt 0cm 5.4pt;\r\n\tmso-para-margin-top:0cm;\r\n\tmso-para-margin-right:0cm;\r\n\tmso-para-margin-bottom:8.0pt;\r\n\tmso-para-margin-left:0cm;\r\n\tline-height:107%;\r\n\tmso-pagination:widow-orphan;\r\n\tfont-size:11.0pt;\r\n\tfont-family:\"Calibri\",sans-serif;\r\n\tmso-ascii-font-family:Calibri;\r\n\tmso-ascii-theme-font:minor-latin;\r\n\tmso-hansi-font-family:Calibri;\r\n\tmso-hansi-theme-font:minor-latin;\r\n\tmso-bidi-font-family:\"Times New Roman\";\r\n\tmso-bidi-theme-font:minor-bidi;\r\n\tmso-fareast-language:EN-US;}\r\n</style>\r\n<![endif]-->\r\n\r\n</p>\r\n\r\n<p>Introduction: As the temperature rises, it's time to embrace the spirit of\r\nthe season with confidence and style. Hot Girl Summer is all about celebrating\r\nyourself and feeling empowered in your own skin. To help you rock this summer\r\nlike a true fashionista, we have curated five sizzling looks that will turn\r\nheads and make you feel like the hottest girl in town. From trendy swimwear to\r\nchic accessories, this guide will ensure you're ready to make a statement wherever\r\nthe summer takes you.</p>\r\n\r\n<p style=\"margin-left:36.0pt;text-indent:-18.0pt;mso-list:l0 level1 lfo1;\r\ntab-stops:list 36.0pt\"><span style=\"mso-list:Ignore\">1.<span style=\"font:7.0pt &quot;Times New Roman&quot;\">&nbsp;&nbsp;&nbsp;&nbsp;&nbsp; </span></span>Beach\r\nBabe Glam: Hit the sand in style with a stunning swimsuit that accentuates your\r\ncurves. Opt for vibrant colors like coral or neon yellow to make a bold\r\nstatement. High-waisted bikinis or one-pieces with cut-out details are all the\r\nrage this season. Pair your swimwear with oversized sunglasses, a wide-brimmed\r\nhat, and a colorful beach cover-up to complete the glamorous beach babe look.</p>\r\n\r\n<p style=\"margin-left:36.0pt;text-indent:-18.0pt;mso-list:l0 level1 lfo1;\r\ntab-stops:list 36.0pt\"><span style=\"mso-list:Ignore\">2.<span style=\"font:7.0pt &quot;Times New Roman&quot;\">&nbsp;&nbsp;&nbsp;&nbsp;&nbsp; </span></span>Effortless\r\nBoho Chic: Capture the carefree spirit of summer with a boho-inspired ensemble.\r\nFlowy maxi dresses in floral prints or earthy tones are perfect for daytime\r\nadventures or romantic sunset strolls. Layer on some delicate gold jewelry,\r\nsuch as layered necklaces or stacked bracelets, to add a touch of\r\nsophistication. Complete the look with a pair of strappy sandals or ankle boots\r\nfor an effortless boho chic vibe.</p>\r\n\r\n<p style=\"margin-left:36.0pt;text-indent:-18.0pt;mso-list:l0 level1 lfo1;\r\ntab-stops:list 36.0pt\"><span style=\"mso-list:Ignore\">3.<span style=\"font:7.0pt &quot;Times New Roman&quot;\">&nbsp;&nbsp;&nbsp;&nbsp;&nbsp; </span></span>Sophisticated\r\nSundress: For those special occasions or rooftop parties, a sophisticated\r\nsundress is a must-have. Choose a figure-flattering silhouette like a wrap\r\ndress or a tailored midi dress in a vibrant color or timeless print. Elevate\r\nyour look with statement accessories like oversized earrings or a straw clutch.\r\nSlip into a pair of block heels or wedges for added elegance and comfort.</p>\r\n\r\n<p style=\"margin-left:36.0pt;text-indent:-18.0pt;mso-list:l0 level1 lfo1;\r\ntab-stops:list 36.0pt\"><span style=\"mso-list:Ignore\">4.<span style=\"font:7.0pt &quot;Times New Roman&quot;\">&nbsp;&nbsp;&nbsp;&nbsp;&nbsp; </span></span>Sporty\r\nSpice: Channel your inner sporty diva with a stylish athleisure outfit. Pair\r\nhigh-waisted biker shorts or leggings with a cropped tank top or a trendy\r\nsports bra. Throw on an oversized denim jacket and some chunky sneakers to\r\ncreate an edgy and cool aesthetic. Don't forget to accessorize with a sporty\r\nbackpack and stylish sunglasses for a touch of streetwear flair.</p>\r\n\r\n<p style=\"margin-left:36.0pt;text-indent:-18.0pt;mso-list:l0 level1 lfo1;\r\ntab-stops:list 36.0pt\"><span style=\"mso-list:Ignore\">5.<span style=\"font:7.0pt &quot;Times New Roman&quot;\">&nbsp;&nbsp;&nbsp;&nbsp;&nbsp; </span></span>Nighttime\r\nGlamour: When the sun goes down, it's time to amp up the glam factor. Opt for a\r\nsleek jumpsuit in a bold color like red or metallic silver for a head-turning\r\nlook. Add some sparkle with statement jewelry, such as chandelier earrings or a\r\nstatement necklace. Complete your nighttime glamour ensemble with strappy heels\r\nand a chic clutch to command attention wherever you go.</p>\r\n\r\n<p>Conclusion: Hot Girl Summer is the perfect time to experiment with your\r\nstyle and embrace your inner fashionista. From beachside adventures to\r\nnighttime soirees, these five looks will ensure you're dressed to impress.\r\nRemember, confidence is key, so wear each outfit with a smile and own the\r\nsummer like the hot girl you are. Shop these looks and get ready to slay the\r\nseason with style and sass!</p>", "created_on": "2023-07-21T10:40:36.111Z", "status": 1, "image": "", "reading_time": 17, "tags": [7, 8, 9], "likes": []}}, {"model": "blog.comment", "pk": 2, "fields": {"post": 3, "name": "Manager", "email": "manager@thrall.com", "body": "Great stuff!", "created_on": "2023-07-21T11:20:07.797Z", "approved": true}}, {"model": "blog.comment", "pk": 3, "fields": {"post": 3, "name": "Manager", "email": "manager@thrall.com", "body": "leave comment", "created_on": "2023-07-21T11:22:46.595Z", "approved": true}}, {"model": "blog.comment", "pk": 4, "fields": {"post": 3, "name": "Manager", "email": "", "body": "great stuff!", "created_on": "2023-07-21T11:44:05.913Z", "approved": false}}, {"model": "blog.comment", "pk": 5, "fields": {"post": 3, "name": "Manager", "email": "", "body": "great stuff!", "created_on": "2023-07-21T11:50:58.827Z", "approved": false}}, {"model": "blog.comment", "pk": 6, "fields": {"post": 3, "name": "Manager", "email": "", "body": "Cool!", "created_on": "2023-07-21T11:57:49.333Z", "approved": false}}, {"model": "blog.comment", "pk": 7, "fields": {"post": 3, "name": "Manager", "email": "", "body": "Cool!", "created_on": "2023-07-21T11:58:05.436Z", "approved": false}}, {"model": "blog.comment", "pk": 8, "fields": {"post": 3, "name": "Manager", "email": "", "body": "Cool!", "created_on": "2023-07-21T11:58:54.980Z", "approved": false}}, {"model": "blog.comment", "pk": 9, "fields": {"post": 3, "name": "Manager", "email": "", "body": "Cool!", "created_on": "2023-07-21T11:59:05.157Z", "approved": false}}, {"model": "blog.comment", "pk": 10, "fields": {"post": 3, "name": "Manager", "email": "", "body": "Cool!", "created_on": "2023-07-21T12:00:48.035Z", "approved": false}}, {"model": "blog.comment", "pk": 11, "fields": {"post": 3, "name": "Manager", "email": "", "body": "Cool!", "created_on": "2023-07-21T12:01:44.586Z", "approved": false}}, {"model": "blog.comment", "pk": 12, "fields": {"post": 3, "name": "Manager", "email": "", "body": "Cool!", "created_on": "2023-07-21T12:03:11.175Z", "approved": false}}, {"model": "blog.comment", "pk": 13, "fields": {"post": 3, "name": "Manager", "email": "", "body": "Cool!", "created_on": "2023-07-21T12:07:57.336Z", "approved": false}}, {"model": "blog.comment", "pk": 14, "fields": {"post": 3, "name": "Arthur", "email": "arthur@gmail.com", "body": "Great stuff!", "created_on": "2023-07-21T12:10:54.478Z", "approved": true}}, {"model": "blog.comment", "pk": 15, "fields": {"post": 3, "name": "Manager", "email": "", "body": "Great!", "created_on": "2023-07-21T12:16:26.646Z", "approved": false}}, {"model": "blog.comment", "pk": 16, "fields": {"post": 3, "name": "Manager", "email": "", "body": "Fantastic!", "created_on": "2023-07-21T19:23:54.711Z", "approved": false}}, {"model": "blog.comment", "pk": 17, "fields": {"post": 3, "name": "Manager", "email": "", "body": "Fantastic!", "created_on": "2023-07-21T19:27:39.311Z", "approved": false}}, {"model": "blog.comment", "pk": 18, "fields": {"post": 3, "name": "Manager", "email": "", "body": "Fantastic!", "created_on": "2023-07-21T19:28:03.253Z", "approved": false}}, {"model": "blog.comment", "pk": 19, "fields": {"post": 3, "name": "Manager", "email": "", "body": "Fantastic!", "created_on": "2023-07-21T19:29:38.723Z", "approved": false}}, {"model": "blog.comment", "pk": 20, "fields": {"post": 3, "name": "Manager", "email": "", "body": "Fantastic!", "created_on": "2023-07-21T19:30:48.373Z", "approved": false}}, {"model": "blog.comment", "pk": 21, "fields": {"post": 3, "name": "Manager", "email": "", "body": "Fantastic!", "created_on": "2023-07-21T19:32:16.540Z", "approved": false}}, {"model": "blog.comment", "pk": 22, "fields": {"post": 3, "name": "Manager", "email": "", "body": "Fantastic!", "created_on": "2023-07-21T19:32:41.043Z", "approved": false}}, {"model": "blog.comment", "pk": 23, "fields": {"post": 3, "name": "Manager", "email": "manager@thrall.com", "body": "Fantastic!", "created_on": "2023-07-21T19:34:08.534Z", "approved": true}}, {"model": "checkout.order", "pk": 9, "fields": {"order_number": "2D566FDC6EA04BE5B3D111F9CFEA8291", "user_profile": null, "full_name": "test", "email": "test@test.com", "phone_number": "12345678", "country": "anywhere", "postcode": "12345", "town_or_city": "anywhere", "street_address1": "anywhere", "street_address2": null, "county": "anywhere", "date": "2023-07-17T19:24:54.517Z", "delivery_cost": "1.60", "order_total": "16.00", "grand_total": "17.60", "original_bag": "", "stripe_pid": ""}}, {"model": "checkout.order", "pk": 10, "fields": {"order_number": "C9B49B9B7FB64839B5110615F81474C0", "user_profile": null, "full_name": "test", "email": "test@test.com", "phone_number": "12345678", "country": "anywhere", "postcode": "12345", "town_or_city": "anywhere", "street_address1": "anywhere", "street_address2": null, "county": "anywhere", "date": "2023-07-17T19:32:38.841Z", "delivery_cost": "0.60", "order_total": "6.00", "grand_total": "6.60", "original_bag": "", "stripe_pid": ""}}, {"model": "checkout.order", "pk": 11, "fields": {"order_number": "092785193A5D4DC7A54364D1090AFCA3", "user_profile": null, "full_name": "test", "email": "test@test.com", "phone_number": "12345678", "country": "anywhere", "postcode": "12345", "town_or_city": "anywhere", "street_address1": "anywhere", "street_address2": "a", "county": "anywhere", "date": "2023-07-17T19:34:07.926Z", "delivery_cost": "3.50", "order_total": "35.00", "grand_total": "38.50", "original_bag": "", "stripe_pid": ""}}, {"model": "checkout.order", "pk": 12, "fields": {"order_number": "8EBAE27BA7664E5898E4DE68E287C410", "user_profile": null, "full_name": "test", "email": "test@test.com", "phone_number": "12345678", "country": "anywhere", "postcode": "12345", "town_or_city": "anywhere", "street_address1": "anywhere", "street_address2": "a", "county": "anywhere", "date": "2023-07-17T19:36:33.391Z", "delivery_cost": "0.50", "order_total": "5.00", "grand_total": "5.50", "original_bag": "", "stripe_pid": ""}}, {"model": "checkout.order", "pk": 13, "fields": {"order_number": "A37660FD02664EC1BEC0BD399CEC4C66", "user_profile": null, "full_name": "test", "email": "kennedyrebecca694@gmail.com", "phone_number": "12345678", "country": "GB", "postcode": "12345", "town_or_city": "anywhere", "street_address1": "anywhere", "street_address2": null, "county": "GB", "date": "2023-07-17T23:24:56.785Z", "delivery_cost": "1.60", "order_total": "16.00", "grand_total": "17.60", "original_bag": "", "stripe_pid": ""}}, {"model": "checkout.order", "pk": 14, "fields": {"order_number": "69E32E342D48409588248590FEDB37FE", "user_profile": null, "full_name": "test", "email": "test@test.com", "phone_number": "12345678", "country": "US", "postcode": "12345", "town_or_city": "anywhere", "street_address1": "anywhere", "street_address2": null, "county": "anywhere", "date": "2023-07-17T23:51:52.600Z", "delivery_cost": "0.60", "order_total": "6.00", "grand_total": "6.60", "original_bag": "{\"2\": {\"items_by_size\": {\"m\": 1}}}", "stripe_pid": "pi_3NV1C3E7l6GKou9f1BENHTp8"}}, {"model": "checkout.order", "pk": 15, "fields": {"order_number": "32483DFCBC1D4747BCF0DB5A7C1E8B75", "user_profile": 6, "full_name": "arthur", "email": "arthur@gmail.com", "phone_number": "1213454", "country": "GB", "postcode": "00000", "town_or_city": "the burrow", "street_address1": "11", "street_address2": null, "county": "suffolk", "date": "2023-07-19T23:21:27.748Z", "delivery_cost": "2.20", "order_total": "22.00", "grand_total": "24.20", "original_bag": "{\"14\": {\"items_by_size\": {\"m\": 1}}, \"13\": {\"items_by_size\": {\"m\": 1}}}", "stripe_pid": "pi_3NVjbUE7l6GKou9f180LOhwu"}}, {"model": "checkout.order", "pk": 16, "fields": {"order_number": "541A5E92D89F4CD8807900DC56BD264F", "user_profile": 6, "full_name": "arthur", "email": "arthur@gmail.com", "phone_number": "1213454", "country": "GB", "postcode": "00000", "town_or_city": "the burrow", "street_address1": "11", "street_address2": null, "county": "suffolk", "date": "2023-07-19T23:48:00.243Z", "delivery_cost": "4.80", "order_total": "48.00", "grand_total": "52.80", "original_bag": "{\"3\": {\"items_by_size\": {\"m\": 3}}}", "stripe_pid": "pi_3NVk5qE7l6GKou9f0rDQfBve"}}, {"model": "checkout.order", "pk": 17, "fields": {"order_number": "58F2B5B5BA054896ACEA08FF81331284", "user_profile": 6, "full_name": "arthur", "email": "arthur@gmail.com", "phone_number": "1213454", "country": "GB", "postcode": "00000", "town_or_city": "the burrow", "street_address1": "11", "street_address2": null, "county": "suffolk", "date": "2023-07-20T00:27:40.476Z", "delivery_cost": "2.50", "order_total": "25.00", "grand_total": "27.50", "original_bag": "{\"8\": {\"items_by_size\": {\"m\": 1}}}", "stripe_pid": "pi_3NVkiGE7l6GKou9f0pKmDrWg"}}, {"model": "checkout.order", "pk": 18, "fields": {"order_number": "03F3B30C593D414D92ADAA795A7CAEE8", "user_profile": 6, "full_name": "testconfirmationemail", "email": "arthur@gmail.com", "phone_number": "1213454", "country": "GB", "postcode": "00000", "town_or_city": "the burrow", "street_address1": "11", "street_address2": null, "county": "suffolk", "date": "2023-07-20T00:30:17.481Z", "delivery_cost": "1.50", "order_total": "15.00", "grand_total": "16.50", "original_bag": "{\"13\": {\"items_by_size\": {\"m\": 1}}}", "stripe_pid": "pi_3NVkkRE7l6GKou9f1GBnhS8b"}}, {"model": "checkout.order", "pk": 19, "fields": {"order_number": "01872A9746784E00A59092A00A7954FE", "user_profile": 6, "full_name": "testconfirmationemail", "email": "arthur@gmail.com", "phone_number": "1213454", "country": "GB", "postcode": "00000", "town_or_city": "the burrow", "street_address1": "11", "street_address2": null, "county": "suffolk", "date": "2023-07-20T00:32:20.047Z", "delivery_cost": "0.60", "order_total": "6.00", "grand_total": "6.60", "original_bag": "{\"12\": {\"items_by_size\": {\"m\": 1}}}", "stripe_pid": "pi_3NVkmlE7l6GKou9f1zUSNTlt"}}, {"model": "checkout.order", "pk": 20, "fields": {"order_number": "B0D01C016EEA4DE4BF980218D929DEAC", "user_profile": 6, "full_name": "Arthur", "email": "arthur@gmail.com", "phone_number": "1213454", "country": "GB", "postcode": "00000", "town_or_city": "the burrow", "street_address1": "11", "street_address2": null, "county": "suffolk", "date": "2023-07-20T00:34:53.403Z", "delivery_cost": "1.60", "order_total": "16.00", "grand_total": "17.60", "original_bag": "{\"3\": {\"items_by_size\": {\"m\": 1}}}", "stripe_pid": "pi_3NVkp3E7l6GKou9f1fSRxz84"}}, {"model": "checkout.order", "pk": 21, "fields": {"order_number": "CD37321C83F3451987D8AC2AB38E1D64", "user_profile": 6, "full_name": "arthur", "email": "arthur@gmail.com", "phone_number": "1213454", "country": "GB", "postcode": "00000", "town_or_city": "the burrow", "street_address1": "11", "street_address2": null, "county": "suffolk", "date": "2023-07-20T00:44:05.693Z", "delivery_cost": "1.60", "order_total": "16.00", "grand_total": "17.60", "original_bag": "{\"3\": {\"items_by_size\": {\"m\": 1}}}", "stripe_pid": "pi_3NVky3E7l6GKou9f0BtggMyu"}}, {"model": "checkout.order", "pk": 22, "fields": {"order_number": "750E4AB79857471BBD747A0C43CB796F", "user_profile": 6, "full_name": "arthur", "email": "arthur@gmail.com", "phone_number": "1213454", "country": "GB", "postcode": "00000", "town_or_city": "the burrow", "street_address1": "11", "street_address2": null, "county": "suffolk", "date": "2023-07-20T00:45:44.880Z", "delivery_cost": "0.50", "order_total": "5.00", "grand_total": "5.50", "original_bag": "{\"6\": {\"items_by_size\": {\"m\": 1}}}", "stripe_pid": "pi_3NVkziE7l6GKou9f020ZJ67k"}}, {"model": "checkout.order", "pk": 23, "fields": {"order_number": "2CC6F48FC5F3437682EFF920509622C0", "user_profile": 6, "full_name": "arthur", "email": "arthur@gmail.com", "phone_number": "1213454", "country": "GB", "postcode": "00000", "town_or_city": "the burrow", "street_address1": "11", "street_address2": null, "county": "suffolk", "date": "2023-07-20T00:57:46.752Z", "delivery_cost": "2.50", "order_total": "25.00", "grand_total": "27.50", "original_bag": "{\"8\": {\"items_by_size\": {\"m\": 1}}}", "stripe_pid": "pi_3NVlBOE7l6GKou9f0JfFj139"}}, {"model": "checkout.order", "pk": 24, "fields": {"order_number": "786ECA5FBB5C45A5A00BA015F9B3EC35", "user_profile": 6, "full_name": "arthur", "email": "arthur@gmail.com", "phone_number": "1213454", "country": "GB", "postcode": "00000", "town_or_city": "the burrow", "street_address1": "11", "street_address2": null, "county": "suffolk", "date": "2023-07-20T01:12:47.966Z", "delivery_cost": "2.50", "order_total": "25.00", "grand_total": "27.50", "original_bag": "{\"8\": {\"items_by_size\": {\"m\": 1}}}", "stripe_pid": "pi_3NVlPvE7l6GKou9f1hXZmfKa"}}, {"model": "checkout.order", "pk": 25, "fields": {"order_number": "35E76DEFCFCE4212BEE5180FDD4475CE", "user_profile": 6, "full_name": "arthur", "email": "arthur@gmail.com", "phone_number": "1213454", "country": "GB", "postcode": "00000", "town_or_city": "the burrow", "street_address1": "11", "street_address2": null, "county": "suffolk", "date": "2023-07-20T01:26:55.070Z", "delivery_cost": "2.30", "order_total": "23.00", "grand_total": "25.30", "original_bag": "{\"3\": {\"items_by_size\": {\"m\": 1}}, \"14\": {\"items_by_size\": {\"m\": 1}}}", "stripe_pid": "pi_3NVldZE7l6GKou9f1Cet91hw"}}, {"model": "checkout.order", "pk": 26, "fields": {"order_number": "8D0071A0C9E94442B11630C6BCB28FA8", "user_profile": null, "full_name": "molly", "email": "molly@gmail.com", "phone_number": "12345678", "country": "GB", "postcode": "00000", "town_or_city": "ottery st.catchpole", "street_address1": "the burrow", "street_address2": null, "county": "suffolk", "date": "2023-07-20T11:21:23.373Z", "delivery_cost": "1.60", "order_total": "16.00", "grand_total": "17.60", "original_bag": "{\"3\": {\"items_by_size\": {\"m\": 1}}}", "stripe_pid": "pi_3NVutVE7l6GKou9f0aXA9t90"}}, {"model": "checkout.order", "pk": 27, "fields": {"order_number": "40E893A633694D40B1238156D3C2027F", "user_profile": null, "full_name": "arthur", "email": "arthur@gmail.com", "phone_number": "12345678", "country": "GB", "postcode": "00000", "town_or_city": "ottery st.catchpole", "street_address1": "the burrow", "street_address2": null, "county": "suffolk", "date": "2023-07-20T11:42:12.190Z", "delivery_cost": "0.50", "order_total": "5.00", "grand_total": "5.50", "original_bag": "{\"6\": {\"items_by_size\": {\"m\": 1}}}", "stripe_pid": "pi_3NVvE4E7l6GKou9f1RY0HzNc"}}, {"model": "checkout.order", "pk": 28, "fields": {"order_number": "D3B7DADFDC184E24A108E01BE74CC9D4", "user_profile": null, "full_name": "molly", "email": "molly@gmail.com", "phone_number": "12345678", "country": "GB", "postcode": "00000", "town_or_city": "ottery st.catchpole", "street_address1": "the burrow", "street_address2": null, "county": "suffolk", "date": "2023-07-20T11:52:04.457Z", "delivery_cost": "0.00", "order_total": "56.00", "grand_total": "56.00", "original_bag": "{\"13\": {\"items_by_size\": {\"m\": 1}}, \"8\": {\"items_by_size\": {\"m\": 1}}, \"3\": {\"items_by_size\": {\"m\": 1}}}", "stripe_pid": "pi_3NVvNwE7l6GKou9f11aDNriO"}}, {"model": "checkout.order", "pk": 29, "fields": {"order_number": "13F67F45F860455580B17BB7DCB8A00F", "user_profile": null, "full_name": "molly", "email": "molly@gmail.com", "phone_number": "123456", "country": "GB", "postcode": "00000", "town_or_city": "ottery st.catchpole", "street_address1": "the burrow", "street_address2": null, "county": "suffolk", "date": "2023-07-20T11:56:15.063Z", "delivery_cost": "1.60", "order_total": "16.00", "grand_total": "17.60", "original_bag": "{\"3\": {\"items_by_size\": {\"m\": 1}}}", "stripe_pid": "pi_3NVvSAE7l6GKou9f1L7tykyM"}}, {"model": "checkout.orderlineitem", "pk": 14, "fields": {"order": 9, "product": 3, "product_size": "m", "quantity": 1, "lineitem_total": "16.00"}}, {"model": "checkout.orderlineitem", "pk": 15, "fields": {"order": 10, "product": 12, "product_size": "m", "quantity": 1, "lineitem_total": "6.00"}}, {"model": "checkout.orderlineitem", "pk": 16, "fields": {"order": 11, "product": 4, "product_size": "m", "quantity": 1, "lineitem_total": "35.00"}}, {"model": "checkout.orderlineitem", "pk": 17, "fields": {"order": 12, "product": 6, "product_size": "m", "quantity": 1, "lineitem_total": "5.00"}}, {"model": "checkout.orderlineitem", "pk": 18, "fields": {"order": 13, "product": 3, "product_size": "m", "quantity": 1, "lineitem_total": "16.00"}}, {"model": "checkout.orderlineitem", "pk": 19, "fields": {"order": 14, "product": 2, "product_size": "m", "quantity": 1, "lineitem_total": "6.00"}}, {"model": "checkout.orderlineitem", "pk": 20, "fields": {"order": 15, "product": 14, "product_size": "m", "quantity": 1, "lineitem_total": "7.00"}}, {"model": "checkout.orderlineitem", "pk": 21, "fields": {"order": 15, "product": 13, "product_size": "m", "quantity": 1, "lineitem_total": "15.00"}}, {"model": "checkout.orderlineitem", "pk": 22, "fields": {"order": 16, "product": 3, "product_size": "m", "quantity": 3, "lineitem_total": "48.00"}}, {"model": "checkout.orderlineitem", "pk": 23, "fields": {"order": 17, "product": 8, "product_size": "m", "quantity": 1, "lineitem_total": "25.00"}}, {"model": "checkout.orderlineitem", "pk": 24, "fields": {"order": 18, "product": 13, "product_size": "m", "quantity": 1, "lineitem_total": "15.00"}}, {"model": "checkout.orderlineitem", "pk": 25, "fields": {"order": 19, "product": 12, "product_size": "m", "quantity": 1, "lineitem_total": "6.00"}}, {"model": "checkout.orderlineitem", "pk": 26, "fields": {"order": 20, "product": 3, "product_size": "m", "quantity": 1, "lineitem_total": "16.00"}}, {"model": "checkout.orderlineitem", "pk": 27, "fields": {"order": 21, "product": 3, "product_size": "m", "quantity": 1, "lineitem_total": "16.00"}}, {"model": "checkout.orderlineitem", "pk": 28, "fields": {"order": 22, "product": 6, "product_size": "m", "quantity": 1, "lineitem_total": "5.00"}}, {"model": "checkout.orderlineitem", "pk": 29, "fields": {"order": 23, "product": 8, "product_size": "m", "quantity": 1, "lineitem_total": "25.00"}}, {"model": "checkout.orderlineitem", "pk": 30, "fields": {"order": 24, "product": 8, "product_size": "m", "quantity": 1, "lineitem_total": "25.00"}}, {"model": "checkout.orderlineitem", "pk": 31, "fields": {"order": 25, "product": 3, "product_size": "m", "quantity": 1, "lineitem_total": "16.00"}}, {"model": "checkout.orderlineitem", "pk": 32, "fields": {"order": 25, "product": 14, "product_size": "m", "quantity": 1, "lineitem_total": "7.00"}}, {"model": "checkout.orderlineitem", "pk": 33, "fields": {"order": 26, "product": 3, "product_size": "m", "quantity": 1, "lineitem_total": "16.00"}}, {"model": "checkout.orderlineitem", "pk": 34, "fields": {"order": 27, "product": 6, "product_size": "m", "quantity": 1, "lineitem_total": "5.00"}}, {"model": "checkout.orderlineitem", "pk": 35, "fields": {"order": 28, "product": 13, "product_size": "m", "quantity": 1, "lineitem_total": "15.00"}}, {"model": "checkout.orderlineitem", "pk": 36, "fields": {"order": 28, "product": 8, "product_size": "m", "quantity": 1, "lineitem_total": "25.00"}}, {"model": "checkout.orderlineitem", "pk": 37, "fields": {"order": 28, "product": 3, "product_size": "m", "quantity": 1, "lineitem_total": "16.00"}}, {"model": "checkout.orderlineitem", "pk": 38, "fields": {"order": 29, "product": 3, "product_size": "m", "quantity": 1, "lineitem_total": "16.00"}}, {"model": "profiles.userprofile", "pk": 1, "fields": {"user": 1, "default_phone_number": null, "default_street_address1": null, "default_street_address2": null, "default_town_or_city": null, "default_postcode": null, "default_county": null, "default_country": null}}, {"model": "profiles.userprofile", "pk": 2, "fields": {"user": 2, "default_phone_number": null, "default_street_address1": null, "default_street_address2": null, "default_town_or_city": null, "default_postcode": null, "default_county": null, "default_country": null}}, {"model": "profiles.userprofile", "pk": 3, "fields": {"user": 3, "default_phone_number": null, "default_street_address1": null, "default_street_address2": null, "default_town_or_city": null, "default_postcode": null, "default_county": null, "default_country": null}}, {"model": "profiles.userprofile", "pk": 4, "fields": {"user": 4, "default_phone_number": null, "default_street_address1": null, "default_street_address2": null, "default_town_or_city": null, "default_postcode": null, "default_county": null, "default_country": null}}, {"model": "profiles.userprofile", "pk": 5, "fields": {"user": 5, "default_phone_number": null, "default_street_address1": null, "default_street_address2": null, "default_town_or_city": null, "default_postcode": null, "default_county": null, "default_country": null}}, {"model": "profiles.userprofile", "pk": 6, "fields": {"user": 6, "default_phone_number": "1213454", "default_street_address1": "11", "default_street_address2": null, "default_town_or_city": "the burrow", "default_postcode": "00000", "default_county": "suffolk", "default_country": "GB"}}, {"model": "profiles.userprofile", "pk": 7, "fields": {"user": 7, "default_phone_number": null, "default_street_address1": null, "default_street_address2": null, "default_town_or_city": null, "default_postcode": null, "default_county": null, "default_country": null}}, {"model": "profiles.userprofile", "pk": 8, "fields": {"user": 8, "default_phone_number": null, "default_street_address1": null, "default_street_address2": null, "default_town_or_city": null, "default_postcode": null, "default_county": null, "default_country": null}}, {"model": "profiles.userprofile", "pk": 9, "fields": {"user": 9, "default_phone_number": null, "default_street_address1": null, "default_street_address2": null, "default_town_or_city": null, "default_postcode": null, "default_county": null, "default_country": null}}, {"model": "profiles.userprofile", "pk": 10, "fields": {"user": 10, "default_phone_number": null, "default_street_address1": null, "default_street_address2": null, "default_town_or_city": null, "default_postcode": null, "default_county": null, "default_country": null}}, {"model": "profiles.userprofile", "pk": 11, "fields": {"user": 11, "default_phone_number": null, "default_street_address1": null, "default_street_address2": null, "default_town_or_city": null, "default_postcode": null, "default_county": null, "default_country": null}}, {"model": "profiles.userprofile", "pk": 12, "fields": {"user": 12, "default_phone_number": null, "default_street_address1": null, "default_street_address2": null, "default_town_or_city": null, "default_postcode": null, "default_county": null, "default_country": null}}]